ISO-10303-21;
HEADER;
/* Generated by software containing ST-Developer
 * from STEP Tools, Inc. (www.steptools.com) 
 */
/* OPTION: using custom renumber hook */

FILE_DESCRIPTION(
/* description */ ('STEP AP242 Edition 2',
'CAx-IF Rec.Pracs.---Representation and Presentation of Product Manufa
cturing Information (PMI)---4.0---2014-10-13',
'CAx-IF Rec.Pracs.---3D Tessellated Geometry---0.4---2014-09-14','2;1',
'CAx-IF Rec.Pracs.---User Defined Attributes---1.5---2016-08-15'),
/* implementation_level */ '2;1');

FILE_NAME(
/* name */ 'ESP Base',
/* time_stamp */ '2026-09-13T11:46:59Z',
/* author */ (''),
/* organization */ (''),
/* preprocessor_version */ 'ST-DEVELOPER v20',
/* originating_system */ 'ONSHAPE BY PTC INC, 1.220',
/* authorisation */ '  ');

FILE_SCHEMA (('AP242_MANAGED_MODEL_BASED_3D_ENGINEERING_MIM_LF { 1 0 10303 442 3 1 4 }'));
ENDSEC;

DATA;
#10=SHAPE_REPRESENTATION_RELATIONSHIP('','',#1377,#15);
#11=SHAPE_REPRESENTATION_RELATIONSHIP('','',#1378,#16);
#12=SHAPE_REPRESENTATION_RELATIONSHIP('','',#1379,#17);
#13=SHAPE_REPRESENTATION_RELATIONSHIP('','',#1380,#18);
#14=SHAPE_REPRESENTATION_RELATIONSHIP('','',#1381,#19);
#15=ADVANCED_BREP_SHAPE_REPRESENTATION('',(#1367),#2279);
#16=ADVANCED_BREP_SHAPE_REPRESENTATION('',(#1368),#2280);
#17=ADVANCED_BREP_SHAPE_REPRESENTATION('',(#1369),#2281);
#18=ADVANCED_BREP_SHAPE_REPRESENTATION('',(#1370),#2282);
#19=ADVANCED_BREP_SHAPE_REPRESENTATION('',(#1371),#2283);
#20=PLANE('',#1386);
#21=PLANE('',#1387);
#22=PLANE('',#1391);
#23=PLANE('',#1392);
#24=PLANE('',#1396);
#25=PLANE('',#1397);
#26=PLANE('',#1399);
#27=PLANE('',#1403);
#28=PLANE('',#1407);
#29=PLANE('',#1411);
#30=PLANE('',#1415);
#31=PLANE('',#1416);
#32=PLANE('',#1418);
#33=PLANE('',#1431);
#34=PLANE('',#1432);
#35=PLANE('',#1433);
#36=PLANE('',#1440);
#37=PLANE('',#1444);
#38=PLANE('',#1445);
#39=PLANE('',#1448);
#40=PLANE('',#1451);
#41=PLANE('',#1467);
#42=PLANE('',#1468);
#43=PLANE('',#1469);
#44=PLANE('',#1470);
#45=PLANE('',#1473);
#46=PLANE('',#1476);
#47=PLANE('',#1479);
#48=PLANE('',#1482);
#49=PLANE('',#1483);
#50=PLANE('',#1485);
#51=PLANE('',#1486);
#52=PLANE('',#1487);
#53=PLANE('',#1488);
#54=PLANE('',#1489);
#55=PLANE('',#1490);
#56=PLANE('',#1492);
#57=PLANE('',#1493);
#58=PLANE('',#1494);
#59=PLANE('',#1495);
#60=PLANE('',#1496);
#61=PLANE('',#1500);
#62=PLANE('',#1501);
#63=PLANE('',#1502);
#64=PLANE('',#1506);
#65=PLANE('',#1507);
#66=PLANE('',#1508);
#67=LINE('',#1898,#197);
#68=LINE('',#1902,#198);
#69=LINE('',#1904,#199);
#70=LINE('',#1906,#200);
#71=LINE('',#1908,#201);
#72=LINE('',#1910,#202);
#73=LINE('',#1912,#203);
#74=LINE('',#1914,#204);
#75=LINE('',#1920,#205);
#76=LINE('',#1922,#206);
#77=LINE('',#1924,#207);
#78=LINE('',#1926,#208);
#79=LINE('',#1928,#209);
#80=LINE('',#1929,#210);
#81=LINE('',#1939,#211);
#82=LINE('',#1942,#212);
#83=LINE('',#1944,#213);
#84=LINE('',#1946,#214);
#85=LINE('',#1952,#215);
#86=LINE('',#1954,#216);
#87=LINE('',#1956,#217);
#88=LINE('',#1958,#218);
#89=LINE('',#1964,#219);
#90=LINE('',#1966,#220);
#91=LINE('',#1968,#221);
#92=LINE('',#1970,#222);
#93=LINE('',#1976,#223);
#94=LINE('',#1978,#224);
#95=LINE('',#1980,#225);
#96=LINE('',#1982,#226);
#97=LINE('',#1998,#227);
#98=LINE('',#2003,#228);
#99=LINE('',#2007,#229);
#100=LINE('',#2011,#230);
#101=LINE('',#2014,#231);
#102=LINE('',#2019,#232);
#103=LINE('',#2023,#233);
#104=LINE('',#2027,#234);
#105=LINE('',#2031,#235);
#106=LINE('',#2034,#236);
#107=LINE('',#2036,#237);
#108=LINE('',#2038,#238);
#109=LINE('',#2040,#239);
#110=LINE('',#2042,#240);
#111=LINE('',#2044,#241);
#112=LINE('',#2046,#242);
#113=LINE('',#2048,#243);
#114=LINE('',#2051,#244);
#115=LINE('',#2053,#245);
#116=LINE('',#2054,#246);
#117=LINE('',#2056,#247);
#118=LINE('',#2058,#248);
#119=LINE('',#2060,#249);
#120=LINE('',#2062,#250);
#121=LINE('',#2065,#251);
#122=LINE('',#2067,#252);
#123=LINE('',#2069,#253);
#124=LINE('',#2076,#254);
#125=LINE('',#2080,#255);
#126=LINE('',#2082,#256);
#127=LINE('',#2084,#257);
#128=LINE('',#2088,#258);
#129=LINE('',#2092,#259);
#130=LINE('',#2094,#260);
#131=LINE('',#2096,#261);
#132=LINE('',#2098,#262);
#133=LINE('',#2101,#263);
#134=LINE('',#2102,#264);
#135=LINE('',#2106,#265);
#136=LINE('',#2108,#266);
#137=LINE('',#2110,#267);
#138=LINE('',#2114,#268);
#139=LINE('',#2116,#269);
#140=LINE('',#2118,#270);
#141=LINE('',#2139,#271);
#142=LINE('',#2140,#272);
#143=LINE('',#2142,#273);
#144=LINE('',#2143,#274);
#145=LINE('',#2147,#275);
#146=LINE('',#2151,#276);
#147=LINE('',#2153,#277);
#148=LINE('',#2155,#278);
#149=LINE('',#2157,#279);
#150=LINE('',#2161,#280);
#151=LINE('',#2163,#281);
#152=LINE('',#2165,#282);
#153=LINE('',#2169,#283);
#154=LINE('',#2171,#284);
#155=LINE('',#2173,#285);
#156=LINE('',#2177,#286);
#157=LINE('',#2181,#287);
#158=LINE('',#2184,#288);
#159=LINE('',#2186,#289);
#160=LINE('',#2188,#290);
#161=LINE('',#2190,#291);
#162=LINE('',#2192,#292);
#163=LINE('',#2194,#293);
#164=LINE('',#2196,#294);
#165=LINE('',#2198,#295);
#166=LINE('',#2200,#296);
#167=LINE('',#2202,#297);
#168=LINE('',#2203,#298);
#169=LINE('',#2208,#299);
#170=LINE('',#2211,#300);
#171=LINE('',#2213,#301);
#172=LINE('',#2215,#302);
#173=LINE('',#2217,#303);
#174=LINE('',#2219,#304);
#175=LINE('',#2221,#305);
#176=LINE('',#2223,#306);
#177=LINE('',#2225,#307);
#178=LINE('',#2227,#308);
#179=LINE('',#2229,#309);
#180=LINE('',#2231,#310);
#181=LINE('',#2233,#311);
#182=LINE('',#2235,#312);
#183=LINE('',#2237,#313);
#184=LINE('',#2239,#314);
#185=LINE('',#2243,#315);
#186=LINE('',#2247,#316);
#187=LINE('',#2249,#317);
#188=LINE('',#2251,#318);
#189=LINE('',#2253,#319);
#190=LINE('',#2255,#320);
#191=LINE('',#2257,#321);
#192=LINE('',#2259,#322);
#193=LINE('',#2261,#323);
#194=LINE('',#2263,#324);
#195=LINE('',#2270,#325);
#196=LINE('',#2271,#326);
#197=VECTOR('',#1515,1.);
#198=VECTOR('',#1518,1.);
#199=VECTOR('',#1521,1.);
#200=VECTOR('',#1522,1.);
#201=VECTOR('',#1523,1.);
#202=VECTOR('',#1526,1.);
#203=VECTOR('',#1527,1.);
#204=VECTOR('',#1528,1.);
#205=VECTOR('',#1535,1.);
#206=VECTOR('',#1538,1.);
#207=VECTOR('',#1539,1.);
#208=VECTOR('',#1540,1.);
#209=VECTOR('',#1543,1.);
#210=VECTOR('',#1544,1.);
#211=VECTOR('',#1559,1.);
#212=VECTOR('',#1560,1.);
#213=VECTOR('',#1561,1.);
#214=VECTOR('',#1562,1.);
#215=VECTOR('',#1569,1.);
#216=VECTOR('',#1572,1.);
#217=VECTOR('',#1573,1.);
#218=VECTOR('',#1574,1.);
#219=VECTOR('',#1581,1.);
#220=VECTOR('',#1584,1.);
#221=VECTOR('',#1585,1.);
#222=VECTOR('',#1586,1.);
#223=VECTOR('',#1593,1.);
#224=VECTOR('',#1596,1.);
#225=VECTOR('',#1597,1.);
#226=VECTOR('',#1598,1.);
#227=VECTOR('',#1621,1.);
#228=VECTOR('',#1624,1.);
#229=VECTOR('',#1627,1.);
#230=VECTOR('',#1630,1.);
#231=VECTOR('',#1633,1.);
#232=VECTOR('',#1636,1.);
#233=VECTOR('',#1639,1.);
#234=VECTOR('',#1642,1.);
#235=VECTOR('',#1647,1.);
#236=VECTOR('',#1648,1.);
#237=VECTOR('',#1649,1.);
#238=VECTOR('',#1650,1.);
#239=VECTOR('',#1651,1.);
#240=VECTOR('',#1652,1.);
#241=VECTOR('',#1653,1.);
#242=VECTOR('',#1654,1.);
#243=VECTOR('',#1657,1.);
#244=VECTOR('',#1658,1.);
#245=VECTOR('',#1659,1.);
#246=VECTOR('',#1660,1.);
#247=VECTOR('',#1661,1.);
#248=VECTOR('',#1662,1.);
#249=VECTOR('',#1663,1.);
#250=VECTOR('',#1666,1.);
#251=VECTOR('',#1667,1.);
#252=VECTOR('',#1668,1.);
#253=VECTOR('',#1669,1.);
#254=VECTOR('',#1680,1.);
#255=VECTOR('',#1685,1.);
#256=VECTOR('',#1686,1.);
#257=VECTOR('',#1687,1.);
#258=VECTOR('',#1692,1.);
#259=VECTOR('',#1697,1.);
#260=VECTOR('',#1698,1.);
#261=VECTOR('',#1699,1.);
#262=VECTOR('',#1702,1.);
#263=VECTOR('',#1703,1.);
#264=VECTOR('',#1704,1.);
#265=VECTOR('',#1709,1.);
#266=VECTOR('',#1712,1.);
#267=VECTOR('',#1713,1.);
#268=VECTOR('',#1718,1.);
#269=VECTOR('',#1721,1.);
#270=VECTOR('',#1722,1.);
#271=VECTOR('',#1755,1.);
#272=VECTOR('',#1756,1.);
#273=VECTOR('',#1759,1.);
#274=VECTOR('',#1760,1.);
#275=VECTOR('',#1767,1.);
#276=VECTOR('',#1770,1.);
#277=VECTOR('',#1773,1.);
#278=VECTOR('',#1774,1.);
#279=VECTOR('',#1777,1.);
#280=VECTOR('',#1782,1.);
#281=VECTOR('',#1783,1.);
#282=VECTOR('',#1786,1.);
#283=VECTOR('',#1791,1.);
#284=VECTOR('',#1792,1.);
#285=VECTOR('',#1795,1.);
#286=VECTOR('',#1800,1.);
#287=VECTOR('',#1807,1.);
#288=VECTOR('',#1808,1.);
#289=VECTOR('',#1809,1.);
#290=VECTOR('',#1810,1.);
#291=VECTOR('',#1813,1.);
#292=VECTOR('',#1814,1.);
#293=VECTOR('',#1815,1.);
#294=VECTOR('',#1818,1.);
#295=VECTOR('',#1819,1.);
#296=VECTOR('',#1820,1.);
#297=VECTOR('',#1823,1.);
#298=VECTOR('',#1824,1.);
#299=VECTOR('',#1833,1.);
#300=VECTOR('',#1834,1.);
#301=VECTOR('',#1835,1.);
#302=VECTOR('',#1836,1.);
#303=VECTOR('',#1839,1.);
#304=VECTOR('',#1840,1.);
#305=VECTOR('',#1841,1.);
#306=VECTOR('',#1844,1.);
#307=VECTOR('',#1845,1.);
#308=VECTOR('',#1846,1.);
#309=VECTOR('',#1849,1.);
#310=VECTOR('',#1850,1.);
#311=VECTOR('',#1851,1.);
#312=VECTOR('',#1854,1.);
#313=VECTOR('',#1855,1.);
#314=VECTOR('',#1856,1.);
#315=VECTOR('',#1861,1.);
#316=VECTOR('',#1866,1.);
#317=VECTOR('',#1867,1.);
#318=VECTOR('',#1868,1.);
#319=VECTOR('',#1871,1.);
#320=VECTOR('',#1872,1.);
#321=VECTOR('',#1873,1.);
#322=VECTOR('',#1876,1.);
#323=VECTOR('',#1877,1.);
#324=VECTOR('',#1878,1.);
#325=VECTOR('',#1887,1.);
#326=VECTOR('',#1888,1.);
#327=ORIENTED_EDGE('',*,*,#687,.F.);
#328=ORIENTED_EDGE('',*,*,#688,.F.);
#329=ORIENTED_EDGE('',*,*,#689,.T.);
#330=ORIENTED_EDGE('',*,*,#690,.T.);
#331=ORIENTED_EDGE('',*,*,#691,.F.);
#332=ORIENTED_EDGE('',*,*,#690,.F.);
#333=ORIENTED_EDGE('',*,*,#692,.T.);
#334=ORIENTED_EDGE('',*,*,#693,.T.);
#335=ORIENTED_EDGE('',*,*,#694,.T.);
#336=ORIENTED_EDGE('',*,*,#693,.F.);
#337=ORIENTED_EDGE('',*,*,#695,.F.);
#338=ORIENTED_EDGE('',*,*,#696,.T.);
#339=ORIENTED_EDGE('',*,*,#697,.F.);
#340=ORIENTED_EDGE('',*,*,#696,.F.);
#341=ORIENTED_EDGE('',*,*,#698,.T.);
#342=ORIENTED_EDGE('',*,*,#699,.T.);
#343=ORIENTED_EDGE('',*,*,#700,.F.);
#344=ORIENTED_EDGE('',*,*,#699,.F.);
#345=ORIENTED_EDGE('',*,*,#701,.T.);
#346=ORIENTED_EDGE('',*,*,#702,.T.);
#347=ORIENTED_EDGE('',*,*,#703,.F.);
#348=ORIENTED_EDGE('',*,*,#702,.F.);
#349=ORIENTED_EDGE('',*,*,#704,.T.);
#350=ORIENTED_EDGE('',*,*,#688,.T.);
#351=ORIENTED_EDGE('',*,*,#705,.F.);
#352=ORIENTED_EDGE('',*,*,#706,.T.);
#353=ORIENTED_EDGE('',*,*,#689,.F.);
#354=ORIENTED_EDGE('',*,*,#704,.F.);
#355=ORIENTED_EDGE('',*,*,#701,.F.);
#356=ORIENTED_EDGE('',*,*,#698,.F.);
#357=ORIENTED_EDGE('',*,*,#695,.T.);
#358=ORIENTED_EDGE('',*,*,#692,.F.);
#359=ORIENTED_EDGE('',*,*,#705,.T.);
#360=ORIENTED_EDGE('',*,*,#687,.T.);
#361=ORIENTED_EDGE('',*,*,#691,.T.);
#362=ORIENTED_EDGE('',*,*,#694,.F.);
#363=ORIENTED_EDGE('',*,*,#697,.T.);
#364=ORIENTED_EDGE('',*,*,#700,.T.);
#365=ORIENTED_EDGE('',*,*,#703,.T.);
#366=ORIENTED_EDGE('',*,*,#706,.F.);
#367=ORIENTED_EDGE('',*,*,#707,.T.);
#368=ORIENTED_EDGE('',*,*,#708,.F.);
#369=ORIENTED_EDGE('',*,*,#709,.F.);
#370=ORIENTED_EDGE('',*,*,#710,.T.);
#371=ORIENTED_EDGE('',*,*,#711,.F.);
#372=ORIENTED_EDGE('',*,*,#710,.F.);
#373=ORIENTED_EDGE('',*,*,#712,.T.);
#374=ORIENTED_EDGE('',*,*,#713,.T.);
#375=ORIENTED_EDGE('',*,*,#714,.T.);
#376=ORIENTED_EDGE('',*,*,#713,.F.);
#377=ORIENTED_EDGE('',*,*,#715,.F.);
#378=ORIENTED_EDGE('',*,*,#716,.T.);
#379=ORIENTED_EDGE('',*,*,#717,.F.);
#380=ORIENTED_EDGE('',*,*,#716,.F.);
#381=ORIENTED_EDGE('',*,*,#718,.T.);
#382=ORIENTED_EDGE('',*,*,#719,.T.);
#383=ORIENTED_EDGE('',*,*,#720,.F.);
#384=ORIENTED_EDGE('',*,*,#719,.F.);
#385=ORIENTED_EDGE('',*,*,#721,.T.);
#386=ORIENTED_EDGE('',*,*,#722,.T.);
#387=ORIENTED_EDGE('',*,*,#723,.F.);
#388=ORIENTED_EDGE('',*,*,#722,.F.);
#389=ORIENTED_EDGE('',*,*,#724,.T.);
#390=ORIENTED_EDGE('',*,*,#725,.T.);
#391=ORIENTED_EDGE('',*,*,#726,.F.);
#392=ORIENTED_EDGE('',*,*,#725,.F.);
#393=ORIENTED_EDGE('',*,*,#727,.T.);
#394=ORIENTED_EDGE('',*,*,#728,.T.);
#395=ORIENTED_EDGE('',*,*,#729,.F.);
#396=ORIENTED_EDGE('',*,*,#728,.F.);
#397=ORIENTED_EDGE('',*,*,#730,.T.);
#398=ORIENTED_EDGE('',*,*,#708,.T.);
#399=ORIENTED_EDGE('',*,*,#709,.T.);
#400=ORIENTED_EDGE('',*,*,#730,.F.);
#401=ORIENTED_EDGE('',*,*,#727,.F.);
#402=ORIENTED_EDGE('',*,*,#724,.F.);
#403=ORIENTED_EDGE('',*,*,#721,.F.);
#404=ORIENTED_EDGE('',*,*,#718,.F.);
#405=ORIENTED_EDGE('',*,*,#715,.T.);
#406=ORIENTED_EDGE('',*,*,#712,.F.);
#407=ORIENTED_EDGE('',*,*,#707,.F.);
#408=ORIENTED_EDGE('',*,*,#711,.T.);
#409=ORIENTED_EDGE('',*,*,#714,.F.);
#410=ORIENTED_EDGE('',*,*,#717,.T.);
#411=ORIENTED_EDGE('',*,*,#720,.T.);
#412=ORIENTED_EDGE('',*,*,#723,.T.);
#413=ORIENTED_EDGE('',*,*,#726,.T.);
#414=ORIENTED_EDGE('',*,*,#729,.T.);
#415=ORIENTED_EDGE('',*,*,#731,.F.);
#416=ORIENTED_EDGE('',*,*,#732,.F.);
#417=ORIENTED_EDGE('',*,*,#733,.F.);
#418=ORIENTED_EDGE('',*,*,#734,.F.);
#419=ORIENTED_EDGE('',*,*,#735,.T.);
#420=ORIENTED_EDGE('',*,*,#736,.T.);
#421=ORIENTED_EDGE('',*,*,#737,.F.);
#422=ORIENTED_EDGE('',*,*,#738,.T.);
#423=ORIENTED_EDGE('',*,*,#739,.F.);
#424=ORIENTED_EDGE('',*,*,#740,.T.);
#425=ORIENTED_EDGE('',*,*,#741,.T.);
#426=ORIENTED_EDGE('',*,*,#742,.T.);
#427=ORIENTED_EDGE('',*,*,#743,.T.);
#428=ORIENTED_EDGE('',*,*,#744,.T.);
#429=ORIENTED_EDGE('',*,*,#745,.T.);
#430=ORIENTED_EDGE('',*,*,#746,.T.);
#431=ORIENTED_EDGE('',*,*,#747,.F.);
#432=ORIENTED_EDGE('',*,*,#748,.T.);
#433=ORIENTED_EDGE('',*,*,#749,.F.);
#434=ORIENTED_EDGE('',*,*,#750,.T.);
#435=ORIENTED_EDGE('',*,*,#751,.F.);
#436=ORIENTED_EDGE('',*,*,#752,.T.);
#437=ORIENTED_EDGE('',*,*,#753,.T.);
#438=ORIENTED_EDGE('',*,*,#754,.F.);
#439=ORIENTED_EDGE('',*,*,#755,.F.);
#440=ORIENTED_EDGE('',*,*,#756,.F.);
#441=ORIENTED_EDGE('',*,*,#757,.T.);
#442=ORIENTED_EDGE('',*,*,#758,.T.);
#443=ORIENTED_EDGE('',*,*,#759,.F.);
#444=ORIENTED_EDGE('',*,*,#760,.T.);
#445=ORIENTED_EDGE('',*,*,#761,.F.);
#446=ORIENTED_EDGE('',*,*,#741,.F.);
#447=ORIENTED_EDGE('',*,*,#762,.T.);
#448=ORIENTED_EDGE('',*,*,#763,.T.);
#449=ORIENTED_EDGE('',*,*,#764,.T.);
#450=ORIENTED_EDGE('',*,*,#765,.F.);
#451=ORIENTED_EDGE('',*,*,#766,.F.);
#452=ORIENTED_EDGE('',*,*,#767,.F.);
#453=ORIENTED_EDGE('',*,*,#768,.T.);
#454=ORIENTED_EDGE('',*,*,#769,.T.);
#455=ORIENTED_EDGE('',*,*,#770,.T.);
#456=ORIENTED_EDGE('',*,*,#758,.F.);
#457=ORIENTED_EDGE('',*,*,#771,.F.);
#458=ORIENTED_EDGE('',*,*,#767,.T.);
#459=ORIENTED_EDGE('',*,*,#772,.T.);
#460=ORIENTED_EDGE('',*,*,#773,.F.);
#461=ORIENTED_EDGE('',*,*,#774,.F.);
#462=ORIENTED_EDGE('',*,*,#756,.T.);
#463=ORIENTED_EDGE('',*,*,#775,.T.);
#464=ORIENTED_EDGE('',*,*,#776,.F.);
#465=ORIENTED_EDGE('',*,*,#777,.F.);
#466=ORIENTED_EDGE('',*,*,#773,.T.);
#467=ORIENTED_EDGE('',*,*,#778,.T.);
#468=ORIENTED_EDGE('',*,*,#779,.F.);
#469=ORIENTED_EDGE('',*,*,#780,.F.);
#470=ORIENTED_EDGE('',*,*,#776,.T.);
#471=ORIENTED_EDGE('',*,*,#781,.T.);
#472=ORIENTED_EDGE('',*,*,#782,.F.);
#473=ORIENTED_EDGE('',*,*,#783,.F.);
#474=ORIENTED_EDGE('',*,*,#779,.T.);
#475=ORIENTED_EDGE('',*,*,#784,.T.);
#476=ORIENTED_EDGE('',*,*,#785,.F.);
#477=ORIENTED_EDGE('',*,*,#735,.F.);
#478=ORIENTED_EDGE('',*,*,#786,.T.);
#479=ORIENTED_EDGE('',*,*,#787,.T.);
#480=ORIENTED_EDGE('',*,*,#788,.F.);
#481=ORIENTED_EDGE('',*,*,#736,.F.);
#482=ORIENTED_EDGE('',*,*,#785,.T.);
#483=ORIENTED_EDGE('',*,*,#789,.F.);
#484=ORIENTED_EDGE('',*,*,#790,.F.);
#485=ORIENTED_EDGE('',*,*,#737,.T.);
#486=ORIENTED_EDGE('',*,*,#788,.T.);
#487=ORIENTED_EDGE('',*,*,#791,.T.);
#488=ORIENTED_EDGE('',*,*,#792,.F.);
#489=ORIENTED_EDGE('',*,*,#738,.F.);
#490=ORIENTED_EDGE('',*,*,#790,.T.);
#491=ORIENTED_EDGE('',*,*,#793,.F.);
#492=ORIENTED_EDGE('',*,*,#794,.F.);
#493=ORIENTED_EDGE('',*,*,#739,.T.);
#494=ORIENTED_EDGE('',*,*,#792,.T.);
#495=ORIENTED_EDGE('',*,*,#795,.T.);
#496=ORIENTED_EDGE('',*,*,#762,.F.);
#497=ORIENTED_EDGE('',*,*,#740,.F.);
#498=ORIENTED_EDGE('',*,*,#794,.T.);
#499=ORIENTED_EDGE('',*,*,#731,.T.);
#500=ORIENTED_EDGE('',*,*,#796,.F.);
#501=ORIENTED_EDGE('',*,*,#732,.T.);
#502=ORIENTED_EDGE('',*,*,#797,.F.);
#503=ORIENTED_EDGE('',*,*,#733,.T.);
#504=ORIENTED_EDGE('',*,*,#798,.F.);
#505=ORIENTED_EDGE('',*,*,#734,.T.);
#506=ORIENTED_EDGE('',*,*,#799,.F.);
#507=ORIENTED_EDGE('',*,*,#800,.T.);
#508=ORIENTED_EDGE('',*,*,#786,.F.);
#509=ORIENTED_EDGE('',*,*,#742,.F.);
#510=ORIENTED_EDGE('',*,*,#761,.T.);
#511=ORIENTED_EDGE('',*,*,#801,.T.);
#512=ORIENTED_EDGE('',*,*,#769,.F.);
#513=ORIENTED_EDGE('',*,*,#802,.F.);
#514=ORIENTED_EDGE('',*,*,#782,.T.);
#515=ORIENTED_EDGE('',*,*,#760,.F.);
#516=ORIENTED_EDGE('',*,*,#803,.T.);
#517=ORIENTED_EDGE('',*,*,#751,.T.);
#518=ORIENTED_EDGE('',*,*,#770,.F.);
#519=ORIENTED_EDGE('',*,*,#766,.T.);
#520=ORIENTED_EDGE('',*,*,#801,.F.);
#521=ORIENTED_EDGE('',*,*,#781,.F.);
#522=ORIENTED_EDGE('',*,*,#778,.F.);
#523=ORIENTED_EDGE('',*,*,#775,.F.);
#524=ORIENTED_EDGE('',*,*,#772,.F.);
#525=ORIENTED_EDGE('',*,*,#755,.T.);
#526=ORIENTED_EDGE('',*,*,#804,.F.);
#527=ORIENTED_EDGE('',*,*,#763,.F.);
#528=ORIENTED_EDGE('',*,*,#795,.F.);
#529=ORIENTED_EDGE('',*,*,#793,.T.);
#530=ORIENTED_EDGE('',*,*,#791,.F.);
#531=ORIENTED_EDGE('',*,*,#789,.T.);
#532=ORIENTED_EDGE('',*,*,#787,.F.);
#533=ORIENTED_EDGE('',*,*,#784,.F.);
#534=ORIENTED_EDGE('',*,*,#800,.F.);
#535=ORIENTED_EDGE('',*,*,#799,.T.);
#536=ORIENTED_EDGE('',*,*,#798,.T.);
#537=ORIENTED_EDGE('',*,*,#797,.T.);
#538=ORIENTED_EDGE('',*,*,#796,.T.);
#539=ORIENTED_EDGE('',*,*,#765,.T.);
#540=ORIENTED_EDGE('',*,*,#805,.T.);
#541=ORIENTED_EDGE('',*,*,#753,.F.);
#542=ORIENTED_EDGE('',*,*,#806,.F.);
#543=ORIENTED_EDGE('',*,*,#759,.T.);
#544=ORIENTED_EDGE('',*,*,#806,.T.);
#545=ORIENTED_EDGE('',*,*,#752,.F.);
#546=ORIENTED_EDGE('',*,*,#803,.F.);
#547=ORIENTED_EDGE('',*,*,#804,.T.);
#548=ORIENTED_EDGE('',*,*,#754,.T.);
#549=ORIENTED_EDGE('',*,*,#805,.F.);
#550=ORIENTED_EDGE('',*,*,#764,.F.);
#551=ORIENTED_EDGE('',*,*,#744,.F.);
#552=ORIENTED_EDGE('',*,*,#807,.F.);
#553=ORIENTED_EDGE('',*,*,#808,.T.);
#554=ORIENTED_EDGE('',*,*,#809,.T.);
#555=ORIENTED_EDGE('',*,*,#743,.F.);
#556=ORIENTED_EDGE('',*,*,#810,.F.);
#557=ORIENTED_EDGE('',*,*,#811,.T.);
#558=ORIENTED_EDGE('',*,*,#807,.T.);
#559=ORIENTED_EDGE('',*,*,#750,.F.);
#560=ORIENTED_EDGE('',*,*,#812,.F.);
#561=ORIENTED_EDGE('',*,*,#813,.T.);
#562=ORIENTED_EDGE('',*,*,#810,.T.);
#563=ORIENTED_EDGE('',*,*,#749,.T.);
#564=ORIENTED_EDGE('',*,*,#814,.F.);
#565=ORIENTED_EDGE('',*,*,#815,.F.);
#566=ORIENTED_EDGE('',*,*,#812,.T.);
#567=ORIENTED_EDGE('',*,*,#748,.F.);
#568=ORIENTED_EDGE('',*,*,#816,.F.);
#569=ORIENTED_EDGE('',*,*,#817,.T.);
#570=ORIENTED_EDGE('',*,*,#814,.T.);
#571=ORIENTED_EDGE('',*,*,#747,.T.);
#572=ORIENTED_EDGE('',*,*,#818,.F.);
#573=ORIENTED_EDGE('',*,*,#819,.F.);
#574=ORIENTED_EDGE('',*,*,#816,.T.);
#575=ORIENTED_EDGE('',*,*,#746,.F.);
#576=ORIENTED_EDGE('',*,*,#820,.F.);
#577=ORIENTED_EDGE('',*,*,#821,.T.);
#578=ORIENTED_EDGE('',*,*,#818,.T.);
#579=ORIENTED_EDGE('',*,*,#745,.F.);
#580=ORIENTED_EDGE('',*,*,#809,.F.);
#581=ORIENTED_EDGE('',*,*,#822,.T.);
#582=ORIENTED_EDGE('',*,*,#820,.T.);
#583=ORIENTED_EDGE('',*,*,#808,.F.);
#584=ORIENTED_EDGE('',*,*,#811,.F.);
#585=ORIENTED_EDGE('',*,*,#813,.F.);
#586=ORIENTED_EDGE('',*,*,#815,.T.);
#587=ORIENTED_EDGE('',*,*,#817,.F.);
#588=ORIENTED_EDGE('',*,*,#819,.T.);
#589=ORIENTED_EDGE('',*,*,#821,.F.);
#590=ORIENTED_EDGE('',*,*,#822,.F.);
#591=ORIENTED_EDGE('',*,*,#768,.F.);
#592=ORIENTED_EDGE('',*,*,#771,.T.);
#593=ORIENTED_EDGE('',*,*,#757,.F.);
#594=ORIENTED_EDGE('',*,*,#774,.T.);
#595=ORIENTED_EDGE('',*,*,#777,.T.);
#596=ORIENTED_EDGE('',*,*,#780,.T.);
#597=ORIENTED_EDGE('',*,*,#783,.T.);
#598=ORIENTED_EDGE('',*,*,#802,.T.);
#599=ORIENTED_EDGE('',*,*,#823,.F.);
#600=ORIENTED_EDGE('',*,*,#824,.F.);
#601=ORIENTED_EDGE('',*,*,#825,.T.);
#602=ORIENTED_EDGE('',*,*,#826,.T.);
#603=ORIENTED_EDGE('',*,*,#827,.T.);
#604=ORIENTED_EDGE('',*,*,#828,.F.);
#605=ORIENTED_EDGE('',*,*,#829,.F.);
#606=ORIENTED_EDGE('',*,*,#824,.T.);
#607=ORIENTED_EDGE('',*,*,#830,.T.);
#608=ORIENTED_EDGE('',*,*,#831,.F.);
#609=ORIENTED_EDGE('',*,*,#832,.F.);
#610=ORIENTED_EDGE('',*,*,#828,.T.);
#611=ORIENTED_EDGE('',*,*,#833,.F.);
#612=ORIENTED_EDGE('',*,*,#826,.F.);
#613=ORIENTED_EDGE('',*,*,#834,.T.);
#614=ORIENTED_EDGE('',*,*,#831,.T.);
#615=ORIENTED_EDGE('',*,*,#825,.F.);
#616=ORIENTED_EDGE('',*,*,#829,.T.);
#617=ORIENTED_EDGE('',*,*,#832,.T.);
#618=ORIENTED_EDGE('',*,*,#834,.F.);
#619=ORIENTED_EDGE('',*,*,#823,.T.);
#620=ORIENTED_EDGE('',*,*,#833,.T.);
#621=ORIENTED_EDGE('',*,*,#830,.F.);
#622=ORIENTED_EDGE('',*,*,#827,.F.);
#623=ORIENTED_EDGE('',*,*,#835,.F.);
#624=ORIENTED_EDGE('',*,*,#836,.F.);
#625=ORIENTED_EDGE('',*,*,#837,.T.);
#626=ORIENTED_EDGE('',*,*,#838,.T.);
#627=ORIENTED_EDGE('',*,*,#839,.T.);
#628=ORIENTED_EDGE('',*,*,#840,.F.);
#629=ORIENTED_EDGE('',*,*,#841,.F.);
#630=ORIENTED_EDGE('',*,*,#836,.T.);
#631=ORIENTED_EDGE('',*,*,#842,.F.);
#632=ORIENTED_EDGE('',*,*,#843,.F.);
#633=ORIENTED_EDGE('',*,*,#844,.T.);
#634=ORIENTED_EDGE('',*,*,#840,.T.);
#635=ORIENTED_EDGE('',*,*,#845,.F.);
#636=ORIENTED_EDGE('',*,*,#846,.F.);
#637=ORIENTED_EDGE('',*,*,#847,.T.);
#638=ORIENTED_EDGE('',*,*,#843,.T.);
#639=ORIENTED_EDGE('',*,*,#848,.T.);
#640=ORIENTED_EDGE('',*,*,#849,.F.);
#641=ORIENTED_EDGE('',*,*,#850,.F.);
#642=ORIENTED_EDGE('',*,*,#846,.T.);
#643=ORIENTED_EDGE('',*,*,#851,.T.);
#644=ORIENTED_EDGE('',*,*,#852,.F.);
#645=ORIENTED_EDGE('',*,*,#853,.F.);
#646=ORIENTED_EDGE('',*,*,#849,.T.);
#647=ORIENTED_EDGE('',*,*,#854,.T.);
#648=ORIENTED_EDGE('',*,*,#855,.F.);
#649=ORIENTED_EDGE('',*,*,#856,.F.);
#650=ORIENTED_EDGE('',*,*,#852,.T.);
#651=ORIENTED_EDGE('',*,*,#857,.T.);
#652=ORIENTED_EDGE('',*,*,#858,.F.);
#653=ORIENTED_EDGE('',*,*,#859,.F.);
#654=ORIENTED_EDGE('',*,*,#855,.T.);
#655=ORIENTED_EDGE('',*,*,#860,.F.);
#656=ORIENTED_EDGE('',*,*,#861,.F.);
#657=ORIENTED_EDGE('',*,*,#862,.T.);
#658=ORIENTED_EDGE('',*,*,#858,.T.);
#659=ORIENTED_EDGE('',*,*,#863,.T.);
#660=ORIENTED_EDGE('',*,*,#864,.F.);
#661=ORIENTED_EDGE('',*,*,#865,.F.);
#662=ORIENTED_EDGE('',*,*,#838,.F.);
#663=ORIENTED_EDGE('',*,*,#866,.T.);
#664=ORIENTED_EDGE('',*,*,#861,.T.);
#665=ORIENTED_EDGE('',*,*,#863,.F.);
#666=ORIENTED_EDGE('',*,*,#837,.F.);
#667=ORIENTED_EDGE('',*,*,#841,.T.);
#668=ORIENTED_EDGE('',*,*,#844,.F.);
#669=ORIENTED_EDGE('',*,*,#847,.F.);
#670=ORIENTED_EDGE('',*,*,#850,.T.);
#671=ORIENTED_EDGE('',*,*,#853,.T.);
#672=ORIENTED_EDGE('',*,*,#856,.T.);
#673=ORIENTED_EDGE('',*,*,#859,.T.);
#674=ORIENTED_EDGE('',*,*,#862,.F.);
#675=ORIENTED_EDGE('',*,*,#866,.F.);
#676=ORIENTED_EDGE('',*,*,#864,.T.);
#677=ORIENTED_EDGE('',*,*,#835,.T.);
#678=ORIENTED_EDGE('',*,*,#865,.T.);
#679=ORIENTED_EDGE('',*,*,#860,.T.);
#680=ORIENTED_EDGE('',*,*,#857,.F.);
#681=ORIENTED_EDGE('',*,*,#854,.F.);
#682=ORIENTED_EDGE('',*,*,#851,.F.);
#683=ORIENTED_EDGE('',*,*,#848,.F.);
#684=ORIENTED_EDGE('',*,*,#845,.T.);
#685=ORIENTED_EDGE('',*,*,#842,.T.);
#686=ORIENTED_EDGE('',*,*,#839,.F.);
#687=EDGE_CURVE('',#867,#868,#991,.T.);
#688=EDGE_CURVE('',#869,#867,#67,.T.);
#689=EDGE_CURVE('',#869,#870,#992,.T.);
#690=EDGE_CURVE('',#870,#868,#68,.T.);
#691=EDGE_CURVE('',#868,#871,#69,.T.);
#692=EDGE_CURVE('',#870,#872,#70,.T.);
#693=EDGE_CURVE('',#872,#871,#71,.T.);
#694=EDGE_CURVE('',#873,#871,#72,.T.);
#695=EDGE_CURVE('',#874,#872,#73,.T.);
#696=EDGE_CURVE('',#874,#873,#74,.T.);
#697=EDGE_CURVE('',#873,#875,#993,.T.);
#698=EDGE_CURVE('',#874,#876,#994,.T.);
#699=EDGE_CURVE('',#876,#875,#75,.T.);
#700=EDGE_CURVE('',#875,#877,#76,.T.);
#701=EDGE_CURVE('',#876,#878,#77,.T.);
#702=EDGE_CURVE('',#878,#877,#78,.T.);
#703=EDGE_CURVE('',#877,#867,#79,.T.);
#704=EDGE_CURVE('',#878,#869,#80,.T.);
#705=EDGE_CURVE('',#879,#879,#995,.T.);
#706=EDGE_CURVE('',#880,#880,#996,.T.);
#707=EDGE_CURVE('',#881,#882,#81,.T.);
#708=EDGE_CURVE('',#883,#882,#82,.T.);
#709=EDGE_CURVE('',#884,#883,#83,.T.);
#710=EDGE_CURVE('',#884,#881,#84,.T.);
#711=EDGE_CURVE('',#881,#885,#997,.T.);
#712=EDGE_CURVE('',#884,#886,#998,.T.);
#713=EDGE_CURVE('',#886,#885,#85,.T.);
#714=EDGE_CURVE('',#887,#885,#86,.T.);
#715=EDGE_CURVE('',#888,#886,#87,.T.);
#716=EDGE_CURVE('',#888,#887,#88,.T.);
#717=EDGE_CURVE('',#887,#889,#999,.T.);
#718=EDGE_CURVE('',#888,#890,#1000,.T.);
#719=EDGE_CURVE('',#890,#889,#89,.T.);
#720=EDGE_CURVE('',#889,#891,#90,.T.);
#721=EDGE_CURVE('',#890,#892,#91,.T.);
#722=EDGE_CURVE('',#892,#891,#92,.T.);
#723=EDGE_CURVE('',#891,#893,#1001,.T.);
#724=EDGE_CURVE('',#892,#894,#1002,.T.);
#725=EDGE_CURVE('',#894,#893,#93,.T.);
#726=EDGE_CURVE('',#893,#895,#94,.T.);
#727=EDGE_CURVE('',#894,#896,#95,.T.);
#728=EDGE_CURVE('',#896,#895,#96,.T.);
#729=EDGE_CURVE('',#895,#882,#1003,.T.);
#730=EDGE_CURVE('',#896,#883,#1004,.T.);
#731=EDGE_CURVE('',#897,#897,#1005,.T.);
#732=EDGE_CURVE('',#898,#898,#1006,.T.);
#733=EDGE_CURVE('',#899,#899,#1007,.T.);
#734=EDGE_CURVE('',#900,#900,#1008,.T.);
#735=EDGE_CURVE('',#901,#902,#97,.T.);
#736=EDGE_CURVE('',#902,#903,#1009,.T.);
#737=EDGE_CURVE('',#904,#903,#98,.T.);
#738=EDGE_CURVE('',#904,#905,#1010,.T.);
#739=EDGE_CURVE('',#906,#905,#99,.T.);
#740=EDGE_CURVE('',#906,#907,#1011,.T.);
#741=EDGE_CURVE('',#907,#908,#100,.T.);
#742=EDGE_CURVE('',#908,#901,#1012,.T.);
#743=EDGE_CURVE('',#909,#910,#101,.T.);
#744=EDGE_CURVE('',#910,#911,#1013,.T.);
#745=EDGE_CURVE('',#911,#912,#102,.T.);
#746=EDGE_CURVE('',#912,#913,#1014,.T.);
#747=EDGE_CURVE('',#914,#913,#103,.T.);
#748=EDGE_CURVE('',#914,#915,#1015,.T.);
#749=EDGE_CURVE('',#916,#915,#104,.T.);
#750=EDGE_CURVE('',#916,#909,#1016,.T.);
#751=EDGE_CURVE('',#917,#918,#105,.T.);
#752=EDGE_CURVE('',#917,#919,#106,.T.);
#753=EDGE_CURVE('',#919,#920,#107,.T.);
#754=EDGE_CURVE('',#921,#920,#108,.T.);
#755=EDGE_CURVE('',#922,#921,#109,.T.);
#756=EDGE_CURVE('',#923,#922,#110,.T.);
#757=EDGE_CURVE('',#923,#924,#111,.T.);
#758=EDGE_CURVE('',#924,#918,#112,.T.);
#759=EDGE_CURVE('',#925,#926,#113,.T.);
#760=EDGE_CURVE('',#925,#927,#114,.T.);
#761=EDGE_CURVE('',#908,#927,#115,.T.);
#762=EDGE_CURVE('',#907,#928,#116,.T.);
#763=EDGE_CURVE('',#928,#929,#117,.T.);
#764=EDGE_CURVE('',#929,#930,#118,.T.);
#765=EDGE_CURVE('',#926,#930,#119,.T.);
#766=EDGE_CURVE('',#931,#932,#120,.T.);
#767=EDGE_CURVE('',#933,#931,#121,.T.);
#768=EDGE_CURVE('',#933,#934,#122,.T.);
#769=EDGE_CURVE('',#934,#932,#123,.T.);
#770=EDGE_CURVE('',#931,#918,#1017,.T.);
#771=EDGE_CURVE('',#933,#924,#1018,.T.);
#772=EDGE_CURVE('',#922,#935,#1019,.T.);
#773=EDGE_CURVE('',#936,#935,#124,.T.);
#774=EDGE_CURVE('',#923,#936,#1020,.T.);
#775=EDGE_CURVE('',#935,#937,#125,.T.);
#776=EDGE_CURVE('',#938,#937,#126,.T.);
#777=EDGE_CURVE('',#936,#938,#127,.T.);
#778=EDGE_CURVE('',#937,#939,#1021,.T.);
#779=EDGE_CURVE('',#940,#939,#128,.T.);
#780=EDGE_CURVE('',#938,#940,#1022,.T.);
#781=EDGE_CURVE('',#939,#941,#129,.T.);
#782=EDGE_CURVE('',#942,#941,#130,.T.);
#783=EDGE_CURVE('',#940,#942,#131,.T.);
#784=EDGE_CURVE('',#943,#944,#132,.T.);
#785=EDGE_CURVE('',#902,#944,#133,.T.);
#786=EDGE_CURVE('',#901,#943,#134,.T.);
#787=EDGE_CURVE('',#944,#945,#1023,.T.);
#788=EDGE_CURVE('',#903,#945,#135,.T.);
#789=EDGE_CURVE('',#946,#945,#136,.T.);
#790=EDGE_CURVE('',#904,#946,#137,.T.);
#791=EDGE_CURVE('',#946,#947,#1024,.T.);
#792=EDGE_CURVE('',#905,#947,#138,.T.);
#793=EDGE_CURVE('',#948,#947,#139,.T.);
#794=EDGE_CURVE('',#906,#948,#140,.T.);
#795=EDGE_CURVE('',#948,#928,#1025,.T.);
#796=EDGE_CURVE('',#949,#949,#1026,.T.);
#797=EDGE_CURVE('',#950,#950,#1027,.T.);
#798=EDGE_CURVE('',#951,#951,#1028,.T.);
#799=EDGE_CURVE('',#952,#952,#1029,.T.);
#800=EDGE_CURVE('',#927,#943,#1030,.T.);
#801=EDGE_CURVE('',#941,#932,#1031,.T.);
#802=EDGE_CURVE('',#942,#934,#1032,.T.);
#803=EDGE_CURVE('',#925,#917,#141,.T.);
#804=EDGE_CURVE('',#929,#921,#142,.T.);
#805=EDGE_CURVE('',#930,#920,#143,.T.);
#806=EDGE_CURVE('',#926,#919,#144,.T.);
#807=EDGE_CURVE('',#953,#910,#145,.T.);
#808=EDGE_CURVE('',#953,#954,#1033,.T.);
#809=EDGE_CURVE('',#954,#911,#146,.T.);
#810=EDGE_CURVE('',#955,#909,#147,.T.);
#811=EDGE_CURVE('',#955,#953,#148,.T.);
#812=EDGE_CURVE('',#956,#916,#149,.T.);
#813=EDGE_CURVE('',#956,#955,#1034,.T.);
#814=EDGE_CURVE('',#957,#915,#150,.T.);
#815=EDGE_CURVE('',#956,#957,#151,.T.);
#816=EDGE_CURVE('',#958,#914,#152,.T.);
#817=EDGE_CURVE('',#958,#957,#1035,.T.);
#818=EDGE_CURVE('',#959,#913,#153,.T.);
#819=EDGE_CURVE('',#958,#959,#154,.T.);
#820=EDGE_CURVE('',#960,#912,#155,.T.);
#821=EDGE_CURVE('',#960,#959,#1036,.T.);
#822=EDGE_CURVE('',#954,#960,#156,.T.);
#823=EDGE_CURVE('',#961,#962,#157,.T.);
#824=EDGE_CURVE('',#963,#961,#158,.T.);
#825=EDGE_CURVE('',#963,#964,#159,.T.);
#826=EDGE_CURVE('',#964,#962,#160,.T.);
#827=EDGE_CURVE('',#961,#965,#161,.T.);
#828=EDGE_CURVE('',#966,#965,#162,.T.);
#829=EDGE_CURVE('',#963,#966,#163,.T.);
#830=EDGE_CURVE('',#965,#967,#164,.T.);
#831=EDGE_CURVE('',#968,#967,#165,.T.);
#832=EDGE_CURVE('',#966,#968,#166,.T.);
#833=EDGE_CURVE('',#962,#967,#167,.T.);
#834=EDGE_CURVE('',#964,#968,#168,.T.);
#835=EDGE_CURVE('',#969,#970,#169,.T.);
#836=EDGE_CURVE('',#971,#969,#170,.T.);
#837=EDGE_CURVE('',#971,#972,#171,.T.);
#838=EDGE_CURVE('',#972,#970,#172,.T.);
#839=EDGE_CURVE('',#969,#973,#173,.T.);
#840=EDGE_CURVE('',#974,#973,#174,.T.);
#841=EDGE_CURVE('',#971,#974,#175,.T.);
#842=EDGE_CURVE('',#975,#973,#176,.T.);
#843=EDGE_CURVE('',#976,#975,#177,.T.);
#844=EDGE_CURVE('',#976,#974,#178,.T.);
#845=EDGE_CURVE('',#977,#975,#179,.T.);
#846=EDGE_CURVE('',#978,#977,#180,.T.);
#847=EDGE_CURVE('',#978,#976,#181,.T.);
#848=EDGE_CURVE('',#977,#979,#182,.T.);
#849=EDGE_CURVE('',#980,#979,#183,.T.);
#850=EDGE_CURVE('',#978,#980,#184,.T.);
#851=EDGE_CURVE('',#979,#981,#1037,.T.);
#852=EDGE_CURVE('',#982,#981,#185,.T.);
#853=EDGE_CURVE('',#980,#982,#1038,.T.);
#854=EDGE_CURVE('',#981,#983,#186,.T.);
#855=EDGE_CURVE('',#984,#983,#187,.T.);
#856=EDGE_CURVE('',#982,#984,#188,.T.);
#857=EDGE_CURVE('',#983,#985,#189,.T.);
#858=EDGE_CURVE('',#986,#985,#190,.T.);
#859=EDGE_CURVE('',#984,#986,#191,.T.);
#860=EDGE_CURVE('',#987,#985,#192,.T.);
#861=EDGE_CURVE('',#988,#987,#193,.T.);
#862=EDGE_CURVE('',#988,#986,#194,.T.);
#863=EDGE_CURVE('',#989,#989,#1039,.T.);
#864=EDGE_CURVE('',#990,#990,#1040,.T.);
#865=EDGE_CURVE('',#970,#987,#195,.T.);
#866=EDGE_CURVE('',#972,#988,#196,.T.);
#867=VERTEX_POINT('',#1896);
#868=VERTEX_POINT('',#1897);
#869=VERTEX_POINT('',#1899);
#870=VERTEX_POINT('',#1901);
#871=VERTEX_POINT('',#1905);
#872=VERTEX_POINT('',#1907);
#873=VERTEX_POINT('',#1911);
#874=VERTEX_POINT('',#1913);
#875=VERTEX_POINT('',#1917);
#876=VERTEX_POINT('',#1919);
#877=VERTEX_POINT('',#1923);
#878=VERTEX_POINT('',#1925);
#879=VERTEX_POINT('',#1932);
#880=VERTEX_POINT('',#1934);
#881=VERTEX_POINT('',#1940);
#882=VERTEX_POINT('',#1941);
#883=VERTEX_POINT('',#1943);
#884=VERTEX_POINT('',#1945);
#885=VERTEX_POINT('',#1949);
#886=VERTEX_POINT('',#1951);
#887=VERTEX_POINT('',#1955);
#888=VERTEX_POINT('',#1957);
#889=VERTEX_POINT('',#1961);
#890=VERTEX_POINT('',#1963);
#891=VERTEX_POINT('',#1967);
#892=VERTEX_POINT('',#1969);
#893=VERTEX_POINT('',#1973);
#894=VERTEX_POINT('',#1975);
#895=VERTEX_POINT('',#1979);
#896=VERTEX_POINT('',#1981);
#897=VERTEX_POINT('',#1991);
#898=VERTEX_POINT('',#1993);
#899=VERTEX_POINT('',#1995);
#900=VERTEX_POINT('',#1997);
#901=VERTEX_POINT('',#1999);
#902=VERTEX_POINT('',#2000);
#903=VERTEX_POINT('',#2002);
#904=VERTEX_POINT('',#2004);
#905=VERTEX_POINT('',#2006);
#906=VERTEX_POINT('',#2008);
#907=VERTEX_POINT('',#2010);
#908=VERTEX_POINT('',#2012);
#909=VERTEX_POINT('',#2015);
#910=VERTEX_POINT('',#2016);
#911=VERTEX_POINT('',#2018);
#912=VERTEX_POINT('',#2020);
#913=VERTEX_POINT('',#2022);
#914=VERTEX_POINT('',#2024);
#915=VERTEX_POINT('',#2026);
#916=VERTEX_POINT('',#2028);
#917=VERTEX_POINT('',#2032);
#918=VERTEX_POINT('',#2033);
#919=VERTEX_POINT('',#2035);
#920=VERTEX_POINT('',#2037);
#921=VERTEX_POINT('',#2039);
#922=VERTEX_POINT('',#2041);
#923=VERTEX_POINT('',#2043);
#924=VERTEX_POINT('',#2045);
#925=VERTEX_POINT('',#2049);
#926=VERTEX_POINT('',#2050);
#927=VERTEX_POINT('',#2052);
#928=VERTEX_POINT('',#2055);
#929=VERTEX_POINT('',#2057);
#930=VERTEX_POINT('',#2059);
#931=VERTEX_POINT('',#2063);
#932=VERTEX_POINT('',#2064);
#933=VERTEX_POINT('',#2066);
#934=VERTEX_POINT('',#2068);
#935=VERTEX_POINT('',#2075);
#936=VERTEX_POINT('',#2077);
#937=VERTEX_POINT('',#2081);
#938=VERTEX_POINT('',#2083);
#939=VERTEX_POINT('',#2087);
#940=VERTEX_POINT('',#2089);
#941=VERTEX_POINT('',#2093);
#942=VERTEX_POINT('',#2095);
#943=VERTEX_POINT('',#2099);
#944=VERTEX_POINT('',#2100);
#945=VERTEX_POINT('',#2105);
#946=VERTEX_POINT('',#2109);
#947=VERTEX_POINT('',#2113);
#948=VERTEX_POINT('',#2117);
#949=VERTEX_POINT('',#2123);
#950=VERTEX_POINT('',#2126);
#951=VERTEX_POINT('',#2129);
#952=VERTEX_POINT('',#2132);
#953=VERTEX_POINT('',#2148);
#954=VERTEX_POINT('',#2150);
#955=VERTEX_POINT('',#2154);
#956=VERTEX_POINT('',#2158);
#957=VERTEX_POINT('',#2162);
#958=VERTEX_POINT('',#2166);
#959=VERTEX_POINT('',#2170);
#960=VERTEX_POINT('',#2174);
#961=VERTEX_POINT('',#2182);
#962=VERTEX_POINT('',#2183);
#963=VERTEX_POINT('',#2185);
#964=VERTEX_POINT('',#2187);
#965=VERTEX_POINT('',#2191);
#966=VERTEX_POINT('',#2193);
#967=VERTEX_POINT('',#2197);
#968=VERTEX_POINT('',#2199);
#969=VERTEX_POINT('',#2209);
#970=VERTEX_POINT('',#2210);
#971=VERTEX_POINT('',#2212);
#972=VERTEX_POINT('',#2214);
#973=VERTEX_POINT('',#2218);
#974=VERTEX_POINT('',#2220);
#975=VERTEX_POINT('',#2224);
#976=VERTEX_POINT('',#2226);
#977=VERTEX_POINT('',#2230);
#978=VERTEX_POINT('',#2232);
#979=VERTEX_POINT('',#2236);
#980=VERTEX_POINT('',#2238);
#981=VERTEX_POINT('',#2242);
#982=VERTEX_POINT('',#2244);
#983=VERTEX_POINT('',#2248);
#984=VERTEX_POINT('',#2250);
#985=VERTEX_POINT('',#2254);
#986=VERTEX_POINT('',#2256);
#987=VERTEX_POINT('',#2260);
#988=VERTEX_POINT('',#2262);
#989=VERTEX_POINT('',#2266);
#990=VERTEX_POINT('',#2268);
#991=CIRCLE('',#1384,0.005675);
#992=CIRCLE('',#1385,0.005675);
#993=CIRCLE('',#1389,0.005675);
#994=CIRCLE('',#1390,0.005675);
#995=CIRCLE('',#1394,0.003175);
#996=CIRCLE('',#1395,0.003175);
#997=CIRCLE('',#1401,0.001);
#998=CIRCLE('',#1402,0.001);
#999=CIRCLE('',#1405,0.001);
#1000=CIRCLE('',#1406,0.001);
#1001=CIRCLE('',#1409,0.001);
#1002=CIRCLE('',#1410,0.001);
#1003=CIRCLE('',#1413,0.001);
#1004=CIRCLE('',#1414,0.001);
#1005=CIRCLE('',#1419,0.001);
#1006=CIRCLE('',#1420,0.001);
#1007=CIRCLE('',#1421,0.001);
#1008=CIRCLE('',#1422,0.001);
#1009=CIRCLE('',#1423,0.002);
#1010=CIRCLE('',#1424,0.002);
#1011=CIRCLE('',#1425,0.002);
#1012=CIRCLE('',#1426,0.002);
#1013=CIRCLE('',#1427,0.001);
#1014=CIRCLE('',#1428,0.001);
#1015=CIRCLE('',#1429,0.001);
#1016=CIRCLE('',#1430,0.001);
#1017=CIRCLE('',#1435,0.001);
#1018=CIRCLE('',#1436,0.001);
#1019=CIRCLE('',#1438,0.001);
#1020=CIRCLE('',#1439,0.001);
#1021=CIRCLE('',#1442,0.001);
#1022=CIRCLE('',#1443,0.001);
#1023=CIRCLE('',#1447,0.002);
#1024=CIRCLE('',#1450,0.002);
#1025=CIRCLE('',#1453,0.002);
#1026=CIRCLE('',#1455,0.001);
#1027=CIRCLE('',#1457,0.001);
#1028=CIRCLE('',#1459,0.001);
#1029=CIRCLE('',#1461,0.001);
#1030=CIRCLE('',#1463,0.002);
#1031=CIRCLE('',#1465,0.001);
#1032=CIRCLE('',#1466,0.001);
#1033=CIRCLE('',#1472,0.001);
#1034=CIRCLE('',#1475,0.001);
#1035=CIRCLE('',#1478,0.001);
#1036=CIRCLE('',#1481,0.001);
#1037=CIRCLE('',#1498,0.002);
#1038=CIRCLE('',#1499,0.002);
#1039=CIRCLE('',#1504,0.001);
#1040=CIRCLE('',#1505,0.001);
#1041=EDGE_LOOP('',(#327,#328,#329,#330));
#1042=EDGE_LOOP('',(#331,#332,#333,#334));
#1043=EDGE_LOOP('',(#335,#336,#337,#338));
#1044=EDGE_LOOP('',(#339,#340,#341,#342));
#1045=EDGE_LOOP('',(#343,#344,#345,#346));
#1046=EDGE_LOOP('',(#347,#348,#349,#350));
#1047=EDGE_LOOP('',(#351));
#1048=EDGE_LOOP('',(#352));
#1049=EDGE_LOOP('',(#353,#354,#355,#356,#357,#358));
#1050=EDGE_LOOP('',(#359));
#1051=EDGE_LOOP('',(#360,#361,#362,#363,#364,#365));
#1052=EDGE_LOOP('',(#366));
#1053=EDGE_LOOP('',(#367,#368,#369,#370));
#1054=EDGE_LOOP('',(#371,#372,#373,#374));
#1055=EDGE_LOOP('',(#375,#376,#377,#378));
#1056=EDGE_LOOP('',(#379,#380,#381,#382));
#1057=EDGE_LOOP('',(#383,#384,#385,#386));
#1058=EDGE_LOOP('',(#387,#388,#389,#390));
#1059=EDGE_LOOP('',(#391,#392,#393,#394));
#1060=EDGE_LOOP('',(#395,#396,#397,#398));
#1061=EDGE_LOOP('',(#399,#400,#401,#402,#403,#404,#405,#406));
#1062=EDGE_LOOP('',(#407,#408,#409,#410,#411,#412,#413,#414));
#1063=EDGE_LOOP('',(#415));
#1064=EDGE_LOOP('',(#416));
#1065=EDGE_LOOP('',(#417));
#1066=EDGE_LOOP('',(#418));
#1067=EDGE_LOOP('',(#419,#420,#421,#422,#423,#424,#425,#426));
#1068=EDGE_LOOP('',(#427,#428,#429,#430,#431,#432,#433,#434));
#1069=EDGE_LOOP('',(#435,#436,#437,#438,#439,#440,#441,#442));
#1070=EDGE_LOOP('',(#443,#444,#445,#446,#447,#448,#449,#450));
#1071=EDGE_LOOP('',(#451,#452,#453,#454));
#1072=EDGE_LOOP('',(#455,#456,#457,#458));
#1073=EDGE_LOOP('',(#459,#460,#461,#462));
#1074=EDGE_LOOP('',(#463,#464,#465,#466));
#1075=EDGE_LOOP('',(#467,#468,#469,#470));
#1076=EDGE_LOOP('',(#471,#472,#473,#474));
#1077=EDGE_LOOP('',(#475,#476,#477,#478));
#1078=EDGE_LOOP('',(#479,#480,#481,#482));
#1079=EDGE_LOOP('',(#483,#484,#485,#486));
#1080=EDGE_LOOP('',(#487,#488,#489,#490));
#1081=EDGE_LOOP('',(#491,#492,#493,#494));
#1082=EDGE_LOOP('',(#495,#496,#497,#498));
#1083=EDGE_LOOP('',(#499));
#1084=EDGE_LOOP('',(#500));
#1085=EDGE_LOOP('',(#501));
#1086=EDGE_LOOP('',(#502));
#1087=EDGE_LOOP('',(#503));
#1088=EDGE_LOOP('',(#504));
#1089=EDGE_LOOP('',(#505));
#1090=EDGE_LOOP('',(#506));
#1091=EDGE_LOOP('',(#507,#508,#509,#510));
#1092=EDGE_LOOP('',(#511,#512,#513,#514));
#1093=EDGE_LOOP('',(#515,#516,#517,#518,#519,#520,#521,#522,#523,#524,#525,
#526,#527,#528,#529,#530,#531,#532,#533,#534));
#1094=EDGE_LOOP('',(#535));
#1095=EDGE_LOOP('',(#536));
#1096=EDGE_LOOP('',(#537));
#1097=EDGE_LOOP('',(#538));
#1098=EDGE_LOOP('',(#539,#540,#541,#542));
#1099=EDGE_LOOP('',(#543,#544,#545,#546));
#1100=EDGE_LOOP('',(#547,#548,#549,#550));
#1101=EDGE_LOOP('',(#551,#552,#553,#554));
#1102=EDGE_LOOP('',(#555,#556,#557,#558));
#1103=EDGE_LOOP('',(#559,#560,#561,#562));
#1104=EDGE_LOOP('',(#563,#564,#565,#566));
#1105=EDGE_LOOP('',(#567,#568,#569,#570));
#1106=EDGE_LOOP('',(#571,#572,#573,#574));
#1107=EDGE_LOOP('',(#575,#576,#577,#578));
#1108=EDGE_LOOP('',(#579,#580,#581,#582));
#1109=EDGE_LOOP('',(#583,#584,#585,#586,#587,#588,#589,#590));
#1110=EDGE_LOOP('',(#591,#592,#593,#594,#595,#596,#597,#598));
#1111=EDGE_LOOP('',(#599,#600,#601,#602));
#1112=EDGE_LOOP('',(#603,#604,#605,#606));
#1113=EDGE_LOOP('',(#607,#608,#609,#610));
#1114=EDGE_LOOP('',(#611,#612,#613,#614));
#1115=EDGE_LOOP('',(#615,#616,#617,#618));
#1116=EDGE_LOOP('',(#619,#620,#621,#622));
#1117=EDGE_LOOP('',(#623,#624,#625,#626));
#1118=EDGE_LOOP('',(#627,#628,#629,#630));
#1119=EDGE_LOOP('',(#631,#632,#633,#634));
#1120=EDGE_LOOP('',(#635,#636,#637,#638));
#1121=EDGE_LOOP('',(#639,#640,#641,#642));
#1122=EDGE_LOOP('',(#643,#644,#645,#646));
#1123=EDGE_LOOP('',(#647,#648,#649,#650));
#1124=EDGE_LOOP('',(#651,#652,#653,#654));
#1125=EDGE_LOOP('',(#655,#656,#657,#658));
#1126=EDGE_LOOP('',(#659));
#1127=EDGE_LOOP('',(#660));
#1128=EDGE_LOOP('',(#661,#662,#663,#664));
#1129=EDGE_LOOP('',(#665));
#1130=EDGE_LOOP('',(#666,#667,#668,#669,#670,#671,#672,#673,#674,#675));
#1131=EDGE_LOOP('',(#676));
#1132=EDGE_LOOP('',(#677,#678,#679,#680,#681,#682,#683,#684,#685,#686));
#1133=FACE_BOUND('',#1041,.T.);
#1134=FACE_BOUND('',#1042,.T.);
#1135=FACE_BOUND('',#1043,.T.);
#1136=FACE_BOUND('',#1044,.T.);
#1137=FACE_BOUND('',#1045,.T.);
#1138=FACE_BOUND('',#1046,.T.);
#1139=FACE_BOUND('',#1047,.T.);
#1140=FACE_BOUND('',#1048,.T.);
#1141=FACE_BOUND('',#1049,.T.);
#1142=FACE_BOUND('',#1050,.T.);
#1143=FACE_BOUND('',#1051,.T.);
#1144=FACE_BOUND('',#1052,.T.);
#1145=FACE_BOUND('',#1053,.T.);
#1146=FACE_BOUND('',#1054,.T.);
#1147=FACE_BOUND('',#1055,.T.);
#1148=FACE_BOUND('',#1056,.T.);
#1149=FACE_BOUND('',#1057,.T.);
#1150=FACE_BOUND('',#1058,.T.);
#1151=FACE_BOUND('',#1059,.T.);
#1152=FACE_BOUND('',#1060,.T.);
#1153=FACE_BOUND('',#1061,.T.);
#1154=FACE_BOUND('',#1062,.T.);
#1155=FACE_BOUND('',#1063,.T.);
#1156=FACE_BOUND('',#1064,.T.);
#1157=FACE_BOUND('',#1065,.T.);
#1158=FACE_BOUND('',#1066,.T.);
#1159=FACE_BOUND('',#1067,.T.);
#1160=FACE_BOUND('',#1068,.T.);
#1161=FACE_BOUND('',#1069,.T.);
#1162=FACE_BOUND('',#1070,.T.);
#1163=FACE_BOUND('',#1071,.T.);
#1164=FACE_BOUND('',#1072,.T.);
#1165=FACE_BOUND('',#1073,.T.);
#1166=FACE_BOUND('',#1074,.T.);
#1167=FACE_BOUND('',#1075,.T.);
#1168=FACE_BOUND('',#1076,.T.);
#1169=FACE_BOUND('',#1077,.T.);
#1170=FACE_BOUND('',#1078,.T.);
#1171=FACE_BOUND('',#1079,.T.);
#1172=FACE_BOUND('',#1080,.T.);
#1173=FACE_BOUND('',#1081,.T.);
#1174=FACE_BOUND('',#1082,.T.);
#1175=FACE_BOUND('',#1083,.T.);
#1176=FACE_BOUND('',#1084,.T.);
#1177=FACE_BOUND('',#1085,.T.);
#1178=FACE_BOUND('',#1086,.T.);
#1179=FACE_BOUND('',#1087,.T.);
#1180=FACE_BOUND('',#1088,.T.);
#1181=FACE_BOUND('',#1089,.T.);
#1182=FACE_BOUND('',#1090,.T.);
#1183=FACE_BOUND('',#1091,.T.);
#1184=FACE_BOUND('',#1092,.T.);
#1185=FACE_BOUND('',#1093,.T.);
#1186=FACE_BOUND('',#1094,.T.);
#1187=FACE_BOUND('',#1095,.T.);
#1188=FACE_BOUND('',#1096,.T.);
#1189=FACE_BOUND('',#1097,.T.);
#1190=FACE_BOUND('',#1098,.T.);
#1191=FACE_BOUND('',#1099,.T.);
#1192=FACE_BOUND('',#1100,.T.);
#1193=FACE_BOUND('',#1101,.T.);
#1194=FACE_BOUND('',#1102,.T.);
#1195=FACE_BOUND('',#1103,.T.);
#1196=FACE_BOUND('',#1104,.T.);
#1197=FACE_BOUND('',#1105,.T.);
#1198=FACE_BOUND('',#1106,.T.);
#1199=FACE_BOUND('',#1107,.T.);
#1200=FACE_BOUND('',#1108,.T.);
#1201=FACE_BOUND('',#1109,.T.);
#1202=FACE_BOUND('',#1110,.T.);
#1203=FACE_BOUND('',#1111,.T.);
#1204=FACE_BOUND('',#1112,.T.);
#1205=FACE_BOUND('',#1113,.T.);
#1206=FACE_BOUND('',#1114,.T.);
#1207=FACE_BOUND('',#1115,.T.);
#1208=FACE_BOUND('',#1116,.T.);
#1209=FACE_BOUND('',#1117,.T.);
#1210=FACE_BOUND('',#1118,.T.);
#1211=FACE_BOUND('',#1119,.T.);
#1212=FACE_BOUND('',#1120,.T.);
#1213=FACE_BOUND('',#1121,.T.);
#1214=FACE_BOUND('',#1122,.T.);
#1215=FACE_BOUND('',#1123,.T.);
#1216=FACE_BOUND('',#1124,.T.);
#1217=FACE_BOUND('',#1125,.T.);
#1218=FACE_BOUND('',#1126,.T.);
#1219=FACE_BOUND('',#1127,.T.);
#1220=FACE_BOUND('',#1128,.T.);
#1221=FACE_BOUND('',#1129,.T.);
#1222=FACE_BOUND('',#1130,.T.);
#1223=FACE_BOUND('',#1131,.T.);
#1224=FACE_BOUND('',#1132,.T.);
#1225=CYLINDRICAL_SURFACE('',#1383,0.005675);
#1226=CYLINDRICAL_SURFACE('',#1388,0.005675);
#1227=CYLINDRICAL_SURFACE('',#1393,0.003175);
#1228=CYLINDRICAL_SURFACE('',#1400,0.001);
#1229=CYLINDRICAL_SURFACE('',#1404,0.001);
#1230=CYLINDRICAL_SURFACE('',#1408,0.001);
#1231=CYLINDRICAL_SURFACE('',#1412,0.001);
#1232=CYLINDRICAL_SURFACE('',#1434,0.001);
#1233=CYLINDRICAL_SURFACE('',#1437,0.001);
#1234=CYLINDRICAL_SURFACE('',#1441,0.001);
#1235=CYLINDRICAL_SURFACE('',#1446,0.002);
#1236=CYLINDRICAL_SURFACE('',#1449,0.002);
#1237=CYLINDRICAL_SURFACE('',#1452,0.002);
#1238=CYLINDRICAL_SURFACE('',#1454,0.001);
#1239=CYLINDRICAL_SURFACE('',#1456,0.001);
#1240=CYLINDRICAL_SURFACE('',#1458,0.001);
#1241=CYLINDRICAL_SURFACE('',#1460,0.001);
#1242=CYLINDRICAL_SURFACE('',#1462,0.002);
#1243=CYLINDRICAL_SURFACE('',#1464,0.001);
#1244=CYLINDRICAL_SURFACE('',#1471,0.001);
#1245=CYLINDRICAL_SURFACE('',#1474,0.001);
#1246=CYLINDRICAL_SURFACE('',#1477,0.001);
#1247=CYLINDRICAL_SURFACE('',#1480,0.001);
#1248=CYLINDRICAL_SURFACE('',#1497,0.002);
#1249=CYLINDRICAL_SURFACE('',#1503,0.001);
#1250=ADVANCED_FACE('',(#1133),#1225,.T.);
#1251=ADVANCED_FACE('',(#1134),#20,.T.);
#1252=ADVANCED_FACE('',(#1135),#21,.F.);
#1253=ADVANCED_FACE('',(#1136),#1226,.T.);
#1254=ADVANCED_FACE('',(#1137),#22,.T.);
#1255=ADVANCED_FACE('',(#1138),#23,.T.);
#1256=ADVANCED_FACE('',(#1139,#1140),#1227,.F.);
#1257=ADVANCED_FACE('',(#1141,#1142),#24,.F.);
#1258=ADVANCED_FACE('',(#1143,#1144),#25,.T.);
#1259=ADVANCED_FACE('',(#1145),#26,.F.);
#1260=ADVANCED_FACE('',(#1146),#1228,.T.);
#1261=ADVANCED_FACE('',(#1147),#27,.F.);
#1262=ADVANCED_FACE('',(#1148),#1229,.T.);
#1263=ADVANCED_FACE('',(#1149),#28,.T.);
#1264=ADVANCED_FACE('',(#1150),#1230,.T.);
#1265=ADVANCED_FACE('',(#1151),#29,.T.);
#1266=ADVANCED_FACE('',(#1152),#1231,.T.);
#1267=ADVANCED_FACE('',(#1153),#30,.F.);
#1268=ADVANCED_FACE('',(#1154),#31,.T.);
#1269=ADVANCED_FACE('',(#1155,#1156,#1157,#1158,#1159,#1160),#32,.T.);
#1270=ADVANCED_FACE('',(#1161),#33,.T.);
#1271=ADVANCED_FACE('',(#1162),#34,.F.);
#1272=ADVANCED_FACE('',(#1163),#35,.T.);
#1273=ADVANCED_FACE('',(#1164),#1232,.T.);
#1274=ADVANCED_FACE('',(#1165),#1233,.T.);
#1275=ADVANCED_FACE('',(#1166),#36,.F.);
#1276=ADVANCED_FACE('',(#1167),#1234,.T.);
#1277=ADVANCED_FACE('',(#1168),#37,.F.);
#1278=ADVANCED_FACE('',(#1169),#38,.F.);
#1279=ADVANCED_FACE('',(#1170),#1235,.T.);
#1280=ADVANCED_FACE('',(#1171),#39,.T.);
#1281=ADVANCED_FACE('',(#1172),#1236,.T.);
#1282=ADVANCED_FACE('',(#1173),#40,.T.);
#1283=ADVANCED_FACE('',(#1174),#1237,.T.);
#1284=ADVANCED_FACE('',(#1175,#1176),#1238,.F.);
#1285=ADVANCED_FACE('',(#1177,#1178),#1239,.F.);
#1286=ADVANCED_FACE('',(#1179,#1180),#1240,.F.);
#1287=ADVANCED_FACE('',(#1181,#1182),#1241,.F.);
#1288=ADVANCED_FACE('',(#1183),#1242,.T.);
#1289=ADVANCED_FACE('',(#1184),#1243,.T.);
#1290=ADVANCED_FACE('',(#1185,#1186,#1187,#1188,#1189),#41,.F.);
#1291=ADVANCED_FACE('',(#1190),#42,.T.);
#1292=ADVANCED_FACE('',(#1191),#43,.T.);
#1293=ADVANCED_FACE('',(#1192),#44,.F.);
#1294=ADVANCED_FACE('',(#1193),#1244,.F.);
#1295=ADVANCED_FACE('',(#1194),#45,.T.);
#1296=ADVANCED_FACE('',(#1195),#1245,.F.);
#1297=ADVANCED_FACE('',(#1196),#46,.F.);
#1298=ADVANCED_FACE('',(#1197),#1246,.F.);
#1299=ADVANCED_FACE('',(#1198),#47,.F.);
#1300=ADVANCED_FACE('',(#1199),#1247,.F.);
#1301=ADVANCED_FACE('',(#1200),#48,.T.);
#1302=ADVANCED_FACE('',(#1201,#1202),#49,.T.);
#1303=ADVANCED_FACE('',(#1203),#50,.T.);
#1304=ADVANCED_FACE('',(#1204),#51,.F.);
#1305=ADVANCED_FACE('',(#1205),#52,.F.);
#1306=ADVANCED_FACE('',(#1206),#53,.T.);
#1307=ADVANCED_FACE('',(#1207),#54,.T.);
#1308=ADVANCED_FACE('',(#1208),#55,.F.);
#1309=ADVANCED_FACE('',(#1209),#56,.T.);
#1310=ADVANCED_FACE('',(#1210),#57,.F.);
#1311=ADVANCED_FACE('',(#1211),#58,.T.);
#1312=ADVANCED_FACE('',(#1212),#59,.T.);
#1313=ADVANCED_FACE('',(#1213),#60,.F.);
#1314=ADVANCED_FACE('',(#1214),#1248,.T.);
#1315=ADVANCED_FACE('',(#1215),#61,.F.);
#1316=ADVANCED_FACE('',(#1216),#62,.F.);
#1317=ADVANCED_FACE('',(#1217),#63,.T.);
#1318=ADVANCED_FACE('',(#1218,#1219),#1249,.F.);
#1319=ADVANCED_FACE('',(#1220),#64,.T.);
#1320=ADVANCED_FACE('',(#1221,#1222),#65,.T.);
#1321=ADVANCED_FACE('',(#1223,#1224),#66,.F.);
#1322=CLOSED_SHELL('',(#1250,#1251,#1252,#1253,#1254,#1255,#1256,#1257,
#1258));
#1323=CLOSED_SHELL('',(#1259,#1260,#1261,#1262,#1263,#1264,#1265,#1266,
#1267,#1268));
#1324=CLOSED_SHELL('',(#1269,#1270,#1271,#1272,#1273,#1274,#1275,#1276,
#1277,#1278,#1279,#1280,#1281,#1282,#1283,#1284,#1285,#1286,#1287,#1288,
#1289,#1290,#1291,#1292,#1293,#1294,#1295,#1296,#1297,#1298,#1299,#1300,
#1301,#1302));
#1325=CLOSED_SHELL('',(#1303,#1304,#1305,#1306,#1307,#1308));
#1326=CLOSED_SHELL('',(#1309,#1310,#1311,#1312,#1313,#1314,#1315,#1316,
#1317,#1318,#1319,#1320,#1321));
#1327=STYLED_ITEM('',(#1332),#1367);
#1328=STYLED_ITEM('',(#1333),#1368);
#1329=STYLED_ITEM('',(#1334),#1369);
#1330=STYLED_ITEM('',(#1335),#1370);
#1331=STYLED_ITEM('',(#1336),#1371);
#1332=PRESENTATION_STYLE_ASSIGNMENT((#1337));
#1333=PRESENTATION_STYLE_ASSIGNMENT((#1338));
#1334=PRESENTATION_STYLE_ASSIGNMENT((#1339));
#1335=PRESENTATION_STYLE_ASSIGNMENT((#1340));
#1336=PRESENTATION_STYLE_ASSIGNMENT((#1341));
#1337=SURFACE_STYLE_USAGE(.BOTH.,#1342);
#1338=SURFACE_STYLE_USAGE(.BOTH.,#1343);
#1339=SURFACE_STYLE_USAGE(.BOTH.,#1344);
#1340=SURFACE_STYLE_USAGE(.BOTH.,#1345);
#1341=SURFACE_STYLE_USAGE(.BOTH.,#1346);
#1342=SURFACE_SIDE_STYLE('',(#1347));
#1343=SURFACE_SIDE_STYLE('',(#1348));
#1344=SURFACE_SIDE_STYLE('',(#1349));
#1345=SURFACE_SIDE_STYLE('',(#1350));
#1346=SURFACE_SIDE_STYLE('',(#1351));
#1347=SURFACE_STYLE_FILL_AREA(#1352);
#1348=SURFACE_STYLE_FILL_AREA(#1353);
#1349=SURFACE_STYLE_FILL_AREA(#1354);
#1350=SURFACE_STYLE_FILL_AREA(#1355);
#1351=SURFACE_STYLE_FILL_AREA(#1356);
#1352=FILL_AREA_STYLE('',(#1357));
#1353=FILL_AREA_STYLE('',(#1358));
#1354=FILL_AREA_STYLE('',(#1359));
#1355=FILL_AREA_STYLE('',(#1360));
#1356=FILL_AREA_STYLE('',(#1361));
#1357=FILL_AREA_STYLE_COLOUR('',#1362);
#1358=FILL_AREA_STYLE_COLOUR('',#1363);
#1359=FILL_AREA_STYLE_COLOUR('',#1364);
#1360=FILL_AREA_STYLE_COLOUR('',#1365);
#1361=FILL_AREA_STYLE_COLOUR('',#1366);
#1362=COLOUR_RGB('',0.768627450980392,0.886274509803922,0.952941176470588);
#1363=COLOUR_RGB('',0.231372549019608,0.380392156862745,0.705882352941177);
#1364=COLOUR_RGB('',0.647058823529412,0.647058823529412,0.647058823529412);
#1365=COLOUR_RGB('',0.917647058823529,0.917647058823529,0.917647058823529);
#1366=COLOUR_RGB('',0.615686274509804,0.811764705882353,0.929411764705882);
#1367=MANIFOLD_SOLID_BREP('Part 5',#1322);
#1368=MANIFOLD_SOLID_BREP('Part 3',#1323);
#1369=MANIFOLD_SOLID_BREP('Part 2',#1324);
#1370=MANIFOLD_SOLID_BREP('Part 4',#1325);
#1371=MANIFOLD_SOLID_BREP('Part 1',#1326);
#1372=SHAPE_DEFINITION_REPRESENTATION(#2304,#1377);
#1373=SHAPE_DEFINITION_REPRESENTATION(#2305,#1378);
#1374=SHAPE_DEFINITION_REPRESENTATION(#2306,#1379);
#1375=SHAPE_DEFINITION_REPRESENTATION(#2307,#1380);
#1376=SHAPE_DEFINITION_REPRESENTATION(#2308,#1381);
#1377=SHAPE_REPRESENTATION('Part 5',(#1382),#2279);
#1378=SHAPE_REPRESENTATION('Part 3',(#1398),#2280);
#1379=SHAPE_REPRESENTATION('Part 2',(#1417),#2281);
#1380=SHAPE_REPRESENTATION('Part 4',(#1484),#2282);
#1381=SHAPE_REPRESENTATION('Part 1',(#1491),#2283);
#1382=AXIS2_PLACEMENT_3D('',#1893,#1509,#1510);
#1383=AXIS2_PLACEMENT_3D('',#1894,#1511,#1512);
#1384=AXIS2_PLACEMENT_3D('',#1895,#1513,#1514);
#1385=AXIS2_PLACEMENT_3D('',#1900,#1516,#1517);
#1386=AXIS2_PLACEMENT_3D('',#1903,#1519,#1520);
#1387=AXIS2_PLACEMENT_3D('',#1909,#1524,#1525);
#1388=AXIS2_PLACEMENT_3D('',#1915,#1529,#1530);
#1389=AXIS2_PLACEMENT_3D('',#1916,#1531,#1532);
#1390=AXIS2_PLACEMENT_3D('',#1918,#1533,#1534);
#1391=AXIS2_PLACEMENT_3D('',#1921,#1536,#1537);
#1392=AXIS2_PLACEMENT_3D('',#1927,#1541,#1542);
#1393=AXIS2_PLACEMENT_3D('',#1930,#1545,#1546);
#1394=AXIS2_PLACEMENT_3D('',#1931,#1547,#1548);
#1395=AXIS2_PLACEMENT_3D('',#1933,#1549,#1550);
#1396=AXIS2_PLACEMENT_3D('',#1935,#1551,#1552);
#1397=AXIS2_PLACEMENT_3D('',#1936,#1553,#1554);
#1398=AXIS2_PLACEMENT_3D('',#1937,#1555,#1556);
#1399=AXIS2_PLACEMENT_3D('',#1938,#1557,#1558);
#1400=AXIS2_PLACEMENT_3D('',#1947,#1563,#1564);
#1401=AXIS2_PLACEMENT_3D('',#1948,#1565,#1566);
#1402=AXIS2_PLACEMENT_3D('',#1950,#1567,#1568);
#1403=AXIS2_PLACEMENT_3D('',#1953,#1570,#1571);
#1404=AXIS2_PLACEMENT_3D('',#1959,#1575,#1576);
#1405=AXIS2_PLACEMENT_3D('',#1960,#1577,#1578);
#1406=AXIS2_PLACEMENT_3D('',#1962,#1579,#1580);
#1407=AXIS2_PLACEMENT_3D('',#1965,#1582,#1583);
#1408=AXIS2_PLACEMENT_3D('',#1971,#1587,#1588);
#1409=AXIS2_PLACEMENT_3D('',#1972,#1589,#1590);
#1410=AXIS2_PLACEMENT_3D('',#1974,#1591,#1592);
#1411=AXIS2_PLACEMENT_3D('',#1977,#1594,#1595);
#1412=AXIS2_PLACEMENT_3D('',#1983,#1599,#1600);
#1413=AXIS2_PLACEMENT_3D('',#1984,#1601,#1602);
#1414=AXIS2_PLACEMENT_3D('',#1985,#1603,#1604);
#1415=AXIS2_PLACEMENT_3D('',#1986,#1605,#1606);
#1416=AXIS2_PLACEMENT_3D('',#1987,#1607,#1608);
#1417=AXIS2_PLACEMENT_3D('',#1988,#1609,#1610);
#1418=AXIS2_PLACEMENT_3D('',#1989,#1611,#1612);
#1419=AXIS2_PLACEMENT_3D('',#1990,#1613,#1614);
#1420=AXIS2_PLACEMENT_3D('',#1992,#1615,#1616);
#1421=AXIS2_PLACEMENT_3D('',#1994,#1617,#1618);
#1422=AXIS2_PLACEMENT_3D('',#1996,#1619,#1620);
#1423=AXIS2_PLACEMENT_3D('',#2001,#1622,#1623);
#1424=AXIS2_PLACEMENT_3D('',#2005,#1625,#1626);
#1425=AXIS2_PLACEMENT_3D('',#2009,#1628,#1629);
#1426=AXIS2_PLACEMENT_3D('',#2013,#1631,#1632);
#1427=AXIS2_PLACEMENT_3D('',#2017,#1634,#1635);
#1428=AXIS2_PLACEMENT_3D('',#2021,#1637,#1638);
#1429=AXIS2_PLACEMENT_3D('',#2025,#1640,#1641);
#1430=AXIS2_PLACEMENT_3D('',#2029,#1643,#1644);
#1431=AXIS2_PLACEMENT_3D('',#2030,#1645,#1646);
#1432=AXIS2_PLACEMENT_3D('',#2047,#1655,#1656);
#1433=AXIS2_PLACEMENT_3D('',#2061,#1664,#1665);
#1434=AXIS2_PLACEMENT_3D('',#2070,#1670,#1671);
#1435=AXIS2_PLACEMENT_3D('',#2071,#1672,#1673);
#1436=AXIS2_PLACEMENT_3D('',#2072,#1674,#1675);
#1437=AXIS2_PLACEMENT_3D('',#2073,#1676,#1677);
#1438=AXIS2_PLACEMENT_3D('',#2074,#1678,#1679);
#1439=AXIS2_PLACEMENT_3D('',#2078,#1681,#1682);
#1440=AXIS2_PLACEMENT_3D('',#2079,#1683,#1684);
#1441=AXIS2_PLACEMENT_3D('',#2085,#1688,#1689);
#1442=AXIS2_PLACEMENT_3D('',#2086,#1690,#1691);
#1443=AXIS2_PLACEMENT_3D('',#2090,#1693,#1694);
#1444=AXIS2_PLACEMENT_3D('',#2091,#1695,#1696);
#1445=AXIS2_PLACEMENT_3D('',#2097,#1700,#1701);
#1446=AXIS2_PLACEMENT_3D('',#2103,#1705,#1706);
#1447=AXIS2_PLACEMENT_3D('',#2104,#1707,#1708);
#1448=AXIS2_PLACEMENT_3D('',#2107,#1710,#1711);
#1449=AXIS2_PLACEMENT_3D('',#2111,#1714,#1715);
#1450=AXIS2_PLACEMENT_3D('',#2112,#1716,#1717);
#1451=AXIS2_PLACEMENT_3D('',#2115,#1719,#1720);
#1452=AXIS2_PLACEMENT_3D('',#2119,#1723,#1724);
#1453=AXIS2_PLACEMENT_3D('',#2120,#1725,#1726);
#1454=AXIS2_PLACEMENT_3D('',#2121,#1727,#1728);
#1455=AXIS2_PLACEMENT_3D('',#2122,#1729,#1730);
#1456=AXIS2_PLACEMENT_3D('',#2124,#1731,#1732);
#1457=AXIS2_PLACEMENT_3D('',#2125,#1733,#1734);
#1458=AXIS2_PLACEMENT_3D('',#2127,#1735,#1736);
#1459=AXIS2_PLACEMENT_3D('',#2128,#1737,#1738);
#1460=AXIS2_PLACEMENT_3D('',#2130,#1739,#1740);
#1461=AXIS2_PLACEMENT_3D('',#2131,#1741,#1742);
#1462=AXIS2_PLACEMENT_3D('',#2133,#1743,#1744);
#1463=AXIS2_PLACEMENT_3D('',#2134,#1745,#1746);
#1464=AXIS2_PLACEMENT_3D('',#2135,#1747,#1748);
#1465=AXIS2_PLACEMENT_3D('',#2136,#1749,#1750);
#1466=AXIS2_PLACEMENT_3D('',#2137,#1751,#1752);
#1467=AXIS2_PLACEMENT_3D('',#2138,#1753,#1754);
#1468=AXIS2_PLACEMENT_3D('',#2141,#1757,#1758);
#1469=AXIS2_PLACEMENT_3D('',#2144,#1761,#1762);
#1470=AXIS2_PLACEMENT_3D('',#2145,#1763,#1764);
#1471=AXIS2_PLACEMENT_3D('',#2146,#1765,#1766);
#1472=AXIS2_PLACEMENT_3D('',#2149,#1768,#1769);
#1473=AXIS2_PLACEMENT_3D('',#2152,#1771,#1772);
#1474=AXIS2_PLACEMENT_3D('',#2156,#1775,#1776);
#1475=AXIS2_PLACEMENT_3D('',#2159,#1778,#1779);
#1476=AXIS2_PLACEMENT_3D('',#2160,#1780,#1781);
#1477=AXIS2_PLACEMENT_3D('',#2164,#1784,#1785);
#1478=AXIS2_PLACEMENT_3D('',#2167,#1787,#1788);
#1479=AXIS2_PLACEMENT_3D('',#2168,#1789,#1790);
#1480=AXIS2_PLACEMENT_3D('',#2172,#1793,#1794);
#1481=AXIS2_PLACEMENT_3D('',#2175,#1796,#1797);
#1482=AXIS2_PLACEMENT_3D('',#2176,#1798,#1799);
#1483=AXIS2_PLACEMENT_3D('',#2178,#1801,#1802);
#1484=AXIS2_PLACEMENT_3D('',#2179,#1803,#1804);
#1485=AXIS2_PLACEMENT_3D('',#2180,#1805,#1806);
#1486=AXIS2_PLACEMENT_3D('',#2189,#1811,#1812);
#1487=AXIS2_PLACEMENT_3D('',#2195,#1816,#1817);
#1488=AXIS2_PLACEMENT_3D('',#2201,#1821,#1822);
#1489=AXIS2_PLACEMENT_3D('',#2204,#1825,#1826);
#1490=AXIS2_PLACEMENT_3D('',#2205,#1827,#1828);
#1491=AXIS2_PLACEMENT_3D('',#2206,#1829,#1830);
#1492=AXIS2_PLACEMENT_3D('',#2207,#1831,#1832);
#1493=AXIS2_PLACEMENT_3D('',#2216,#1837,#1838);
#1494=AXIS2_PLACEMENT_3D('',#2222,#1842,#1843);
#1495=AXIS2_PLACEMENT_3D('',#2228,#1847,#1848);
#1496=AXIS2_PLACEMENT_3D('',#2234,#1852,#1853);
#1497=AXIS2_PLACEMENT_3D('',#2240,#1857,#1858);
#1498=AXIS2_PLACEMENT_3D('',#2241,#1859,#1860);
#1499=AXIS2_PLACEMENT_3D('',#2245,#1862,#1863);
#1500=AXIS2_PLACEMENT_3D('',#2246,#1864,#1865);
#1501=AXIS2_PLACEMENT_3D('',#2252,#1869,#1870);
#1502=AXIS2_PLACEMENT_3D('',#2258,#1874,#1875);
#1503=AXIS2_PLACEMENT_3D('',#2264,#1879,#1880);
#1504=AXIS2_PLACEMENT_3D('',#2265,#1881,#1882);
#1505=AXIS2_PLACEMENT_3D('',#2267,#1883,#1884);
#1506=AXIS2_PLACEMENT_3D('',#2269,#1885,#1886);
#1507=AXIS2_PLACEMENT_3D('',#2272,#1889,#1890);
#1508=AXIS2_PLACEMENT_3D('',#2273,#1891,#1892);
#1509=DIRECTION('',(0.,0.,1.));
#1510=DIRECTION('',(1.,0.,0.));
#1511=DIRECTION('',(0.,0.,-1.));
#1512=DIRECTION('',(-1.,0.,0.));
#1513=DIRECTION('',(0.,0.,-1.));
#1514=DIRECTION('',(-1.,0.,0.));
#1515=DIRECTION('',(0.,0.,-1.));
#1516=DIRECTION('',(0.,0.,-1.));
#1517=DIRECTION('',(-1.,0.,0.));
#1518=DIRECTION('',(0.,0.,-1.));
#1519=DIRECTION('',(0.,1.,0.));
#1520=DIRECTION('',(0.,0.,1.));
#1521=DIRECTION('',(1.,0.,0.));
#1522=DIRECTION('',(1.,0.,0.));
#1523=DIRECTION('',(0.,0.,-1.));
#1524=DIRECTION('',(-0.55266776748631,0.83340166713398,0.));
#1525=DIRECTION('',(-0.833401667133981,-0.55266776748631,0.));
#1526=DIRECTION('',(0.83340166713398,0.55266776748631,0.));
#1527=DIRECTION('',(0.83340166713398,0.55266776748631,0.));
#1528=DIRECTION('',(0.,0.,-1.));
#1529=DIRECTION('',(0.,0.,-1.));
#1530=DIRECTION('',(-1.,0.,0.));
#1531=DIRECTION('',(0.,0.,-1.));
#1532=DIRECTION('',(-1.,0.,0.));
#1533=DIRECTION('',(0.,0.,-1.));
#1534=DIRECTION('',(-1.,0.,0.));
#1535=DIRECTION('',(0.,0.,-1.));
#1536=DIRECTION('',(-0.555187755922118,-0.831725048122372,0.));
#1537=DIRECTION('',(0.831725048122372,-0.555187755922119,0.));
#1538=DIRECTION('',(-0.831725048122372,0.555187755922119,0.));
#1539=DIRECTION('',(-0.831725048122372,0.555187755922119,0.));
#1540=DIRECTION('',(0.,0.,-1.));
#1541=DIRECTION('',(0.,1.,0.));
#1542=DIRECTION('',(0.,0.,1.));
#1543=DIRECTION('',(1.,0.,0.));
#1544=DIRECTION('',(1.,0.,0.));
#1545=DIRECTION('',(0.,0.,-1.));
#1546=DIRECTION('',(-1.,0.,0.));
#1547=DIRECTION('',(0.,0.,-1.));
#1548=DIRECTION('',(-1.,0.,0.));
#1549=DIRECTION('',(0.,0.,-1.));
#1550=DIRECTION('',(-1.,0.,0.));
#1551=DIRECTION('',(0.,0.,-1.));
#1552=DIRECTION('',(1.,0.,0.));
#1553=DIRECTION('',(0.,0.,-1.));
#1554=DIRECTION('',(1.,0.,0.));
#1555=DIRECTION('',(0.,0.,1.));
#1556=DIRECTION('',(1.,0.,0.));
#1557=DIRECTION('',(-1.,0.,0.));
#1558=DIRECTION('',(0.,0.,1.));
#1559=DIRECTION('',(0.,-1.,0.));
#1560=DIRECTION('',(0.,0.,1.));
#1561=DIRECTION('',(0.,-1.,0.));
#1562=DIRECTION('',(0.,0.,1.));
#1563=DIRECTION('',(0.,0.,1.));
#1564=DIRECTION('',(1.,0.,0.));
#1565=DIRECTION('',(0.,0.,1.));
#1566=DIRECTION('',(1.,0.,0.));
#1567=DIRECTION('',(0.,0.,1.));
#1568=DIRECTION('',(1.,0.,0.));
#1569=DIRECTION('',(0.,0.,1.));
#1570=DIRECTION('',(0.,-1.,0.));
#1571=DIRECTION('',(0.,0.,-1.));
#1572=DIRECTION('',(1.,0.,0.));
#1573=DIRECTION('',(1.,0.,0.));
#1574=DIRECTION('',(0.,0.,1.));
#1575=DIRECTION('',(0.,0.,1.));
#1576=DIRECTION('',(1.,0.,0.));
#1577=DIRECTION('',(0.,0.,1.));
#1578=DIRECTION('',(1.,0.,0.));
#1579=DIRECTION('',(0.,0.,1.));
#1580=DIRECTION('',(1.,0.,0.));
#1581=DIRECTION('',(0.,0.,1.));
#1582=DIRECTION('',(-1.,0.,0.));
#1583=DIRECTION('',(0.,0.,1.));
#1584=DIRECTION('',(0.,-1.,0.));
#1585=DIRECTION('',(0.,-1.,0.));
#1586=DIRECTION('',(0.,0.,1.));
#1587=DIRECTION('',(0.,0.,1.));
#1588=DIRECTION('',(1.,0.,0.));
#1589=DIRECTION('',(0.,0.,1.));
#1590=DIRECTION('',(1.,0.,0.));
#1591=DIRECTION('',(0.,0.,1.));
#1592=DIRECTION('',(1.,0.,0.));
#1593=DIRECTION('',(0.,0.,1.));
#1594=DIRECTION('',(0.,-1.,0.));
#1595=DIRECTION('',(0.,0.,-1.));
#1596=DIRECTION('',(1.,0.,0.));
#1597=DIRECTION('',(1.,0.,0.));
#1598=DIRECTION('',(0.,0.,1.));
#1599=DIRECTION('',(0.,0.,1.));
#1600=DIRECTION('',(1.,0.,0.));
#1601=DIRECTION('',(0.,0.,1.));
#1602=DIRECTION('',(1.,0.,0.));
#1603=DIRECTION('',(0.,0.,1.));
#1604=DIRECTION('',(1.,0.,0.));
#1605=DIRECTION('',(0.,0.,1.));
#1606=DIRECTION('',(1.,0.,0.));
#1607=DIRECTION('',(0.,0.,1.));
#1608=DIRECTION('',(1.,0.,0.));
#1609=DIRECTION('',(0.,0.,1.));
#1610=DIRECTION('',(1.,0.,0.));
#1611=DIRECTION('',(0.,0.,1.));
#1612=DIRECTION('',(1.,0.,0.));
#1613=DIRECTION('',(0.,0.,1.));
#1614=DIRECTION('',(1.,0.,0.));
#1615=DIRECTION('',(0.,0.,1.));
#1616=DIRECTION('',(1.,0.,0.));
#1617=DIRECTION('',(0.,0.,1.));
#1618=DIRECTION('',(1.,0.,0.));
#1619=DIRECTION('',(0.,0.,1.));
#1620=DIRECTION('',(1.,0.,0.));
#1621=DIRECTION('',(0.,-1.,0.));
#1622=DIRECTION('',(0.,0.,1.));
#1623=DIRECTION('',(1.,0.,0.));
#1624=DIRECTION('',(1.,0.,0.));
#1625=DIRECTION('',(0.,0.,1.));
#1626=DIRECTION('',(1.,0.,0.));
#1627=DIRECTION('',(5.82748735817475E-17,-1.,0.));
#1628=DIRECTION('',(0.,0.,1.));
#1629=DIRECTION('',(1.,0.,0.));
#1630=DIRECTION('',(1.,0.,0.));
#1631=DIRECTION('',(0.,0.,1.));
#1632=DIRECTION('',(1.,0.,0.));
#1633=DIRECTION('',(0.,-1.,0.));
#1634=DIRECTION('',(0.,0.,1.));
#1635=DIRECTION('',(1.,0.,0.));
#1636=DIRECTION('',(1.,0.,0.));
#1637=DIRECTION('',(0.,0.,1.));
#1638=DIRECTION('',(1.,0.,0.));
#1639=DIRECTION('',(0.,-1.,0.));
#1640=DIRECTION('',(0.,0.,1.));
#1641=DIRECTION('',(1.,0.,0.));
#1642=DIRECTION('',(1.,0.,0.));
#1643=DIRECTION('',(0.,0.,1.));
#1644=DIRECTION('',(1.,0.,0.));
#1645=DIRECTION('',(0.,1.,0.));
#1646=DIRECTION('',(0.,0.,1.));
#1647=DIRECTION('',(1.,0.,0.));
#1648=DIRECTION('',(2.77555756156289E-16,0.,1.));
#1649=DIRECTION('',(-1.,0.,0.));
#1650=DIRECTION('',(1.38777878078145E-16,0.,1.));
#1651=DIRECTION('',(1.,0.,0.));
#1652=DIRECTION('',(0.,0.,-1.));
#1653=DIRECTION('',(1.,0.,0.));
#1654=DIRECTION('',(0.,0.,-1.));
#1655=DIRECTION('',(0.,1.,0.));
#1656=DIRECTION('',(0.,0.,1.));
#1657=DIRECTION('',(2.77555756156289E-16,0.,1.));
#1658=DIRECTION('',(1.,0.,0.));
#1659=DIRECTION('',(0.,0.,-1.));
#1660=DIRECTION('',(0.,0.,-1.));
#1661=DIRECTION('',(1.,0.,0.));
#1662=DIRECTION('',(1.38777878078145E-16,0.,1.));
#1663=DIRECTION('',(-1.,0.,0.));
#1664=DIRECTION('',(1.,0.,0.));
#1665=DIRECTION('',(0.,0.,-1.));
#1666=DIRECTION('',(0.,-1.,0.));
#1667=DIRECTION('',(0.,0.,-1.));
#1668=DIRECTION('',(0.,-1.,0.));
#1669=DIRECTION('',(0.,0.,-1.));
#1670=DIRECTION('',(0.,0.,-1.));
#1671=DIRECTION('',(-1.,0.,0.));
#1672=DIRECTION('',(0.,0.,1.));
#1673=DIRECTION('',(1.,0.,0.));
#1674=DIRECTION('',(0.,0.,1.));
#1675=DIRECTION('',(1.,0.,0.));
#1676=DIRECTION('',(0.,0.,-1.));
#1677=DIRECTION('',(-1.,0.,0.));
#1678=DIRECTION('',(0.,0.,1.));
#1679=DIRECTION('',(1.,0.,0.));
#1680=DIRECTION('',(0.,0.,-1.));
#1681=DIRECTION('',(0.,0.,1.));
#1682=DIRECTION('',(1.,0.,0.));
#1683=DIRECTION('',(1.,0.,0.));
#1684=DIRECTION('',(0.,0.,-1.));
#1685=DIRECTION('',(0.,-1.,0.));
#1686=DIRECTION('',(0.,0.,-1.));
#1687=DIRECTION('',(0.,-1.,0.));
#1688=DIRECTION('',(0.,0.,-1.));
#1689=DIRECTION('',(-1.,0.,0.));
#1690=DIRECTION('',(0.,0.,1.));
#1691=DIRECTION('',(1.,0.,0.));
#1692=DIRECTION('',(0.,0.,-1.));
#1693=DIRECTION('',(0.,0.,1.));
#1694=DIRECTION('',(1.,0.,0.));
#1695=DIRECTION('',(0.,1.,0.));
#1696=DIRECTION('',(0.,0.,1.));
#1697=DIRECTION('',(1.,0.,0.));
#1698=DIRECTION('',(0.,0.,-1.));
#1699=DIRECTION('',(1.,0.,0.));
#1700=DIRECTION('',(1.,0.,0.));
#1701=DIRECTION('',(0.,0.,-1.));
#1702=DIRECTION('',(0.,-1.,0.));
#1703=DIRECTION('',(0.,0.,-1.));
#1704=DIRECTION('',(0.,0.,-1.));
#1705=DIRECTION('',(0.,0.,-1.));
#1706=DIRECTION('',(-1.,0.,0.));
#1707=DIRECTION('',(0.,0.,1.));
#1708=DIRECTION('',(1.,0.,0.));
#1709=DIRECTION('',(0.,0.,-1.));
#1710=DIRECTION('',(0.,1.,0.));
#1711=DIRECTION('',(0.,0.,1.));
#1712=DIRECTION('',(1.,0.,0.));
#1713=DIRECTION('',(0.,0.,-1.));
#1714=DIRECTION('',(0.,0.,-1.));
#1715=DIRECTION('',(-1.,0.,0.));
#1716=DIRECTION('',(0.,0.,1.));
#1717=DIRECTION('',(1.,0.,0.));
#1718=DIRECTION('',(0.,0.,-1.));
#1719=DIRECTION('',(1.,5.82748735817475E-17,0.));
#1720=DIRECTION('',(-5.82748735817475E-17,1.,0.));
#1721=DIRECTION('',(5.82748735817475E-17,-1.,0.));
#1722=DIRECTION('',(0.,0.,-1.));
#1723=DIRECTION('',(0.,0.,-1.));
#1724=DIRECTION('',(-1.,0.,0.));
#1725=DIRECTION('',(0.,0.,1.));
#1726=DIRECTION('',(1.,0.,0.));
#1727=DIRECTION('',(0.,0.,-1.));
#1728=DIRECTION('',(-1.,0.,0.));
#1729=DIRECTION('',(0.,0.,1.));
#1730=DIRECTION('',(1.,0.,0.));
#1731=DIRECTION('',(0.,0.,-1.));
#1732=DIRECTION('',(-1.,0.,0.));
#1733=DIRECTION('',(0.,0.,1.));
#1734=DIRECTION('',(1.,0.,0.));
#1735=DIRECTION('',(0.,0.,-1.));
#1736=DIRECTION('',(-1.,0.,0.));
#1737=DIRECTION('',(0.,0.,1.));
#1738=DIRECTION('',(1.,0.,0.));
#1739=DIRECTION('',(0.,0.,-1.));
#1740=DIRECTION('',(-1.,0.,0.));
#1741=DIRECTION('',(0.,0.,1.));
#1742=DIRECTION('',(1.,0.,0.));
#1743=DIRECTION('',(0.,0.,-1.));
#1744=DIRECTION('',(-1.,0.,0.));
#1745=DIRECTION('',(0.,0.,1.));
#1746=DIRECTION('',(1.,0.,0.));
#1747=DIRECTION('',(0.,0.,-1.));
#1748=DIRECTION('',(-1.,0.,0.));
#1749=DIRECTION('',(0.,0.,1.));
#1750=DIRECTION('',(1.,0.,0.));
#1751=DIRECTION('',(0.,0.,1.));
#1752=DIRECTION('',(1.,0.,0.));
#1753=DIRECTION('',(0.,0.,1.));
#1754=DIRECTION('',(1.,0.,0.));
#1755=DIRECTION('',(0.,1.,0.));
#1756=DIRECTION('',(0.,1.,0.));
#1757=DIRECTION('',(0.,0.,-1.));
#1758=DIRECTION('',(-1.,0.,0.));
#1759=DIRECTION('',(0.,1.,0.));
#1760=DIRECTION('',(0.,1.,0.));
#1761=DIRECTION('',(-1.,0.,2.77555756156289E-16));
#1762=DIRECTION('',(2.77555756156289E-16,0.,1.));
#1763=DIRECTION('',(-1.,0.,1.38777878078145E-16));
#1764=DIRECTION('',(1.38777878078145E-16,0.,1.));
#1765=DIRECTION('',(0.,0.,-1.));
#1766=DIRECTION('',(-1.,0.,0.));
#1767=DIRECTION('',(0.,0.,-1.));
#1768=DIRECTION('',(0.,0.,1.));
#1769=DIRECTION('',(1.,0.,0.));
#1770=DIRECTION('',(0.,0.,-1.));
#1771=DIRECTION('',(1.,0.,0.));
#1772=DIRECTION('',(0.,0.,-1.));
#1773=DIRECTION('',(0.,0.,-1.));
#1774=DIRECTION('',(0.,-1.,0.));
#1775=DIRECTION('',(0.,0.,-1.));
#1776=DIRECTION('',(-1.,0.,0.));
#1777=DIRECTION('',(0.,0.,-1.));
#1778=DIRECTION('',(0.,0.,1.));
#1779=DIRECTION('',(1.,0.,0.));
#1780=DIRECTION('',(0.,1.,0.));
#1781=DIRECTION('',(0.,0.,1.));
#1782=DIRECTION('',(0.,0.,-1.));
#1783=DIRECTION('',(1.,0.,0.));
#1784=DIRECTION('',(0.,0.,-1.));
#1785=DIRECTION('',(-1.,0.,0.));
#1786=DIRECTION('',(0.,0.,-1.));
#1787=DIRECTION('',(0.,0.,1.));
#1788=DIRECTION('',(1.,0.,0.));
#1789=DIRECTION('',(1.,0.,0.));
#1790=DIRECTION('',(0.,0.,-1.));
#1791=DIRECTION('',(0.,0.,-1.));
#1792=DIRECTION('',(0.,-1.,0.));
#1793=DIRECTION('',(0.,0.,-1.));
#1794=DIRECTION('',(-1.,0.,0.));
#1795=DIRECTION('',(0.,0.,-1.));
#1796=DIRECTION('',(0.,0.,1.));
#1797=DIRECTION('',(1.,0.,0.));
#1798=DIRECTION('',(0.,1.,0.));
#1799=DIRECTION('',(0.,0.,1.));
#1800=DIRECTION('',(1.,0.,0.));
#1801=DIRECTION('',(0.,0.,1.));
#1802=DIRECTION('',(1.,0.,0.));
#1803=DIRECTION('',(0.,0.,1.));
#1804=DIRECTION('',(1.,0.,0.));
#1805=DIRECTION('',(-1.,-2.16840434497101E-16,0.));
#1806=DIRECTION('',(2.16840434497101E-16,-1.,0.));
#1807=DIRECTION('',(-2.16840434497101E-16,1.,0.));
#1808=DIRECTION('',(0.,0.,-1.));
#1809=DIRECTION('',(-2.16840434497101E-16,1.,0.));
#1810=DIRECTION('',(0.,0.,-1.));
#1811=DIRECTION('',(-1.90106682298828E-16,1.,0.));
#1812=DIRECTION('',(-1.,-1.90106682298828E-16,0.));
#1813=DIRECTION('',(1.,1.90106682298828E-16,0.));
#1814=DIRECTION('',(0.,0.,-1.));
#1815=DIRECTION('',(1.,1.90106682298828E-16,0.));
#1816=DIRECTION('',(-1.,-1.44560289664734E-16,0.));
#1817=DIRECTION('',(1.44560289664734E-16,-1.,0.));
#1818=DIRECTION('',(-1.44560289664734E-16,1.,0.));
#1819=DIRECTION('',(0.,0.,-1.));
#1820=DIRECTION('',(-1.44560289664734E-16,1.,0.));
#1821=DIRECTION('',(0.,1.,0.));
#1822=DIRECTION('',(0.,0.,1.));
#1823=DIRECTION('',(1.,0.,0.));
#1824=DIRECTION('',(1.,0.,0.));
#1825=DIRECTION('',(0.,0.,1.));
#1826=DIRECTION('',(1.,0.,0.));
#1827=DIRECTION('',(0.,0.,1.));
#1828=DIRECTION('',(1.,0.,0.));
#1829=DIRECTION('',(0.,0.,1.));
#1830=DIRECTION('',(1.,0.,0.));
#1831=DIRECTION('',(-1.90106682298828E-16,1.,0.));
#1832=DIRECTION('',(-1.,-1.90106682298828E-16,0.));
#1833=DIRECTION('',(1.,1.90106682298828E-16,0.));
#1834=DIRECTION('',(0.,0.,-1.));
#1835=DIRECTION('',(1.,1.90106682298828E-16,0.));
#1836=DIRECTION('',(0.,0.,-1.));
#1837=DIRECTION('',(-1.,-2.80060588346682E-16,0.));
#1838=DIRECTION('',(2.80060588346682E-16,-1.,0.));
#1839=DIRECTION('',(-2.80060588346682E-16,1.,0.));
#1840=DIRECTION('',(0.,0.,-1.));
#1841=DIRECTION('',(-2.80060588346682E-16,1.,0.));
#1842=DIRECTION('',(0.,1.,0.));
#1843=DIRECTION('',(0.,0.,1.));
#1844=DIRECTION('',(1.,0.,0.));
#1845=DIRECTION('',(0.,0.,-1.));
#1846=DIRECTION('',(1.,0.,0.));
#1847=DIRECTION('',(-1.,-3.61697081516271E-16,0.));
#1848=DIRECTION('',(3.61697081516271E-16,-1.,0.));
#1849=DIRECTION('',(-3.61697081516271E-16,1.,0.));
#1850=DIRECTION('',(0.,0.,-1.));
#1851=DIRECTION('',(-3.61697081516271E-16,1.,0.));
#1852=DIRECTION('',(-4.13376379673835E-16,1.,0.));
#1853=DIRECTION('',(-1.,-4.13376379673835E-16,0.));
#1854=DIRECTION('',(1.,4.13376379673835E-16,0.));
#1855=DIRECTION('',(0.,0.,-1.));
#1856=DIRECTION('',(1.,4.13376379673835E-16,0.));
#1857=DIRECTION('',(0.,0.,-1.));
#1858=DIRECTION('',(-1.,0.,0.));
#1859=DIRECTION('',(0.,0.,1.));
#1860=DIRECTION('',(1.,0.,0.));
#1861=DIRECTION('',(0.,0.,-1.));
#1862=DIRECTION('',(0.,0.,1.));
#1863=DIRECTION('',(1.,0.,0.));
#1864=DIRECTION('',(-4.13376379673835E-16,1.,0.));
#1865=DIRECTION('',(-1.,-4.13376379673835E-16,0.));
#1866=DIRECTION('',(1.,4.13376379673835E-16,0.));
#1867=DIRECTION('',(0.,0.,-1.));
#1868=DIRECTION('',(1.,4.13376379673835E-16,0.));
#1869=DIRECTION('',(-1.,-4.82262775355029E-16,0.));
#1870=DIRECTION('',(4.82262775355029E-16,-1.,0.));
#1871=DIRECTION('',(-4.82262775355029E-16,1.,0.));
#1872=DIRECTION('',(0.,0.,-1.));
#1873=DIRECTION('',(-4.82262775355029E-16,1.,0.));
#1874=DIRECTION('',(0.,1.,0.));
#1875=DIRECTION('',(0.,0.,1.));
#1876=DIRECTION('',(1.,0.,0.));
#1877=DIRECTION('',(0.,0.,-1.));
#1878=DIRECTION('',(1.,0.,0.));
#1879=DIRECTION('',(0.,0.,-1.));
#1880=DIRECTION('',(-1.,0.,0.));
#1881=DIRECTION('',(0.,0.,1.));
#1882=DIRECTION('',(1.,0.,0.));
#1883=DIRECTION('',(0.,0.,1.));
#1884=DIRECTION('',(1.,0.,0.));
#1885=DIRECTION('',(-1.,-5.60121176693363E-16,0.));
#1886=DIRECTION('',(5.60121176693363E-16,-1.,0.));
#1887=DIRECTION('',(-5.60121176693363E-16,1.,0.));
#1888=DIRECTION('',(-5.60121176693363E-16,1.,0.));
#1889=DIRECTION('',(0.,0.,1.));
#1890=DIRECTION('',(1.,0.,0.));
#1891=DIRECTION('',(0.,0.,1.));
#1892=DIRECTION('',(1.,0.,0.));
#1893=CARTESIAN_POINT('',(0.,0.,0.));
#1894=CARTESIAN_POINT('',(0.00241840813994643,-0.0266452939405765,0.002));
#1895=CARTESIAN_POINT('',(0.00241840813994643,-0.0266452939405765,-0.001));
#1896=CARTESIAN_POINT('',(0.00101997151285172,-0.0211452939405765,-0.001));
#1897=CARTESIAN_POINT('',(0.00381684476704113,-0.0211452939405765,-0.001));
#1898=CARTESIAN_POINT('',(0.00101997151285172,-0.0211452939405765,0.002));
#1899=CARTESIAN_POINT('',(0.00101997151285172,-0.0211452939405765,0.002));
#1900=CARTESIAN_POINT('',(0.00241840813994643,-0.0266452939405765,0.002));
#1901=CARTESIAN_POINT('',(0.00381684476704113,-0.0211452939405765,0.002));
#1902=CARTESIAN_POINT('',(0.00381684476704113,-0.0211452939405765,0.002));
#1903=CARTESIAN_POINT('',(0.00242574739883656,-0.0211452939405765,0.002));
#1904=CARTESIAN_POINT('',(0.00242574739883656,-0.0211452939405765,-0.001));
#1905=CARTESIAN_POINT('',(0.0164257473988365,-0.0211452939405765,-0.001));
#1906=CARTESIAN_POINT('',(0.00242574739883656,-0.0211452939405765,0.002));
#1907=CARTESIAN_POINT('',(0.0164257473988365,-0.0211452939405765,0.002));
#1908=CARTESIAN_POINT('',(0.0164257473988365,-0.0211452939405765,0.002));
#1909=CARTESIAN_POINT('',(0.0122595488906268,-0.0239080957434039,0.002));
#1910=CARTESIAN_POINT('',(0.0122595488906268,-0.0239080957434039,-0.001));
#1911=CARTESIAN_POINT('',(0.00809335038241705,-0.0266708975462313,-0.001));
#1912=CARTESIAN_POINT('',(0.0122595488906268,-0.0239080957434039,0.002));
#1913=CARTESIAN_POINT('',(0.00809335038241705,-0.0266708975462313,0.002));
#1914=CARTESIAN_POINT('',(0.00809335038241705,-0.0266708975462313,0.002));
#1915=CARTESIAN_POINT('',(0.0024184081399267,-0.0266452939405766,0.002));
#1916=CARTESIAN_POINT('',(0.0024184081399267,-0.0266452939405766,-0.001));
#1917=CARTESIAN_POINT('',(-0.00325635074629665,-0.0266976063005435,-0.001));
#1918=CARTESIAN_POINT('',(0.0024184081399267,-0.0266452939405766,0.002));
#1919=CARTESIAN_POINT('',(-0.00325635074629665,-0.0266976063005435,0.002));
#1920=CARTESIAN_POINT('',(-0.00325635074629665,-0.0266976063005435,0.002));
#1921=CARTESIAN_POINT('',(-0.00741530167373004,-0.0239214501205601,0.002));
#1922=CARTESIAN_POINT('',(-0.00741530167373004,-0.0239214501205601,-0.001));
#1923=CARTESIAN_POINT('',(-0.0115742526011634,-0.0211452939405766,-0.001));
#1924=CARTESIAN_POINT('',(-0.00741530167373004,-0.0239214501205601,0.002));
#1925=CARTESIAN_POINT('',(-0.0115742526011634,-0.0211452939405766,0.002));
#1926=CARTESIAN_POINT('',(-0.0115742526011634,-0.0211452939405766,0.002));
#1927=CARTESIAN_POINT('',(0.00242574739883656,-0.0211452939405765,0.002));
#1928=CARTESIAN_POINT('',(0.00242574739883656,-0.0211452939405765,-0.001));
#1929=CARTESIAN_POINT('',(0.00242574739883656,-0.0211452939405765,0.002));
#1930=CARTESIAN_POINT('',(0.00241840813994643,-0.0266452939405765,0.002));
#1931=CARTESIAN_POINT('',(0.00241840813994643,-0.0266452939405765,0.002));
#1932=CARTESIAN_POINT('',(-0.000756591860053575,-0.0266452939405765,0.002));
#1933=CARTESIAN_POINT('',(0.00241840813994643,-0.0266452939405765,-0.001));
#1934=CARTESIAN_POINT('',(-0.000756591860053575,-0.0266452939405765,-0.001));
#1935=CARTESIAN_POINT('',(0.00242574739883656,0.00776720605942342,0.002));
#1936=CARTESIAN_POINT('',(0.00242574739883656,0.00776720605942342,-0.001));
#1937=CARTESIAN_POINT('',(0.,0.,0.));
#1938=CARTESIAN_POINT('',(0.0174257473988365,0.0133547060594234,-0.001));
#1939=CARTESIAN_POINT('',(0.0174257473988365,0.0133547060594234,0.));
#1940=CARTESIAN_POINT('',(0.0174257473988365,0.0468547060594234,0.));
#1941=CARTESIAN_POINT('',(0.0174257473988365,-0.0201452939405765,0.));
#1942=CARTESIAN_POINT('',(0.0174257473988365,-0.0201452939405765,-0.001));
#1943=CARTESIAN_POINT('',(0.0174257473988365,-0.0201452939405765,-0.001));
#1944=CARTESIAN_POINT('',(0.0174257473988365,0.0133547060594234,-0.001));
#1945=CARTESIAN_POINT('',(0.0174257473988365,0.0468547060594234,-0.001));
#1946=CARTESIAN_POINT('',(0.0174257473988365,0.0468547060594234,-0.001));
#1947=CARTESIAN_POINT('',(0.0164257473988365,0.0468547060594234,-0.001));
#1948=CARTESIAN_POINT('',(0.0164257473988365,0.0468547060594234,0.));
#1949=CARTESIAN_POINT('',(0.0164257473988365,0.0478547060594234,0.));
#1950=CARTESIAN_POINT('',(0.0164257473988365,0.0468547060594234,-0.001));
#1951=CARTESIAN_POINT('',(0.0164257473988365,0.0478547060594234,-0.001));
#1952=CARTESIAN_POINT('',(0.0164257473988365,0.0478547060594234,-0.001));
#1953=CARTESIAN_POINT('',(0.00242574739883655,0.0478547060594234,-0.001));
#1954=CARTESIAN_POINT('',(0.00242574739883655,0.0478547060594234,0.));
#1955=CARTESIAN_POINT('',(-0.0115742526011634,0.0478547060594234,0.));
#1956=CARTESIAN_POINT('',(0.00242574739883655,0.0478547060594234,-0.001));
#1957=CARTESIAN_POINT('',(-0.0115742526011634,0.0478547060594234,-0.001));
#1958=CARTESIAN_POINT('',(-0.0115742526011634,0.0478547060594234,-0.001));
#1959=CARTESIAN_POINT('',(-0.0115742526011634,0.0468547060594234,-0.001));
#1960=CARTESIAN_POINT('',(-0.0115742526011634,0.0468547060594234,0.));
#1961=CARTESIAN_POINT('',(-0.0125742526011634,0.0468547060594234,0.));
#1962=CARTESIAN_POINT('',(-0.0115742526011634,0.0468547060594234,-0.001));
#1963=CARTESIAN_POINT('',(-0.0125742526011634,0.0468547060594234,-0.001));
#1964=CARTESIAN_POINT('',(-0.0125742526011634,0.0468547060594234,-0.001));
#1965=CARTESIAN_POINT('',(-0.0125742526011634,0.0133547060594234,-0.001));
#1966=CARTESIAN_POINT('',(-0.0125742526011634,0.0133547060594234,0.));
#1967=CARTESIAN_POINT('',(-0.0125742526011634,-0.0201452939405765,0.));
#1968=CARTESIAN_POINT('',(-0.0125742526011634,0.0133547060594234,-0.001));
#1969=CARTESIAN_POINT('',(-0.0125742526011634,-0.0201452939405765,-0.001));
#1970=CARTESIAN_POINT('',(-0.0125742526011634,-0.0201452939405765,-0.001));
#1971=CARTESIAN_POINT('',(-0.0115742526011634,-0.0201452939405765,-0.001));
#1972=CARTESIAN_POINT('',(-0.0115742526011634,-0.0201452939405765,0.));
#1973=CARTESIAN_POINT('',(-0.0115742526011634,-0.0211452939405766,0.));
#1974=CARTESIAN_POINT('',(-0.0115742526011634,-0.0201452939405765,-0.001));
#1975=CARTESIAN_POINT('',(-0.0115742526011634,-0.0211452939405766,-0.001));
#1976=CARTESIAN_POINT('',(-0.0115742526011634,-0.0211452939405766,-0.001));
#1977=CARTESIAN_POINT('',(0.00242574739883656,-0.0211452939405765,-0.001));
#1978=CARTESIAN_POINT('',(0.00242574739883656,-0.0211452939405765,0.));
#1979=CARTESIAN_POINT('',(0.0164257473988365,-0.0211452939405765,0.));
#1980=CARTESIAN_POINT('',(0.00242574739883656,-0.0211452939405765,-0.001));
#1981=CARTESIAN_POINT('',(0.0164257473988365,-0.0211452939405765,-0.001));
#1982=CARTESIAN_POINT('',(0.0164257473988365,-0.0211452939405765,-0.001));
#1983=CARTESIAN_POINT('',(0.0164257473988365,-0.0201452939405765,-0.001));
#1984=CARTESIAN_POINT('',(0.0164257473988365,-0.0201452939405765,0.));
#1985=CARTESIAN_POINT('',(0.0164257473988365,-0.0201452939405765,-0.001));
#1986=CARTESIAN_POINT('',(0.00242574739883656,0.0133547060594234,-0.001));
#1987=CARTESIAN_POINT('',(0.00242574739883656,0.0133547060594234,0.));
#1988=CARTESIAN_POINT('',(0.,0.,0.));
#1989=CARTESIAN_POINT('',(0.00242574739883656,0.0133547060594234,0.028));
#1990=CARTESIAN_POINT('',(-0.00957425260116345,-0.0181452939405766,0.028));
#1991=CARTESIAN_POINT('',(-0.00857425260116345,-0.0181452939405766,0.028));
#1992=CARTESIAN_POINT('',(0.0144257473988366,-0.0181452939405766,0.028));
#1993=CARTESIAN_POINT('',(0.0154257473988366,-0.0181452939405766,0.028));
#1994=CARTESIAN_POINT('',(0.0144257473988365,0.0448547060594234,0.028));
#1995=CARTESIAN_POINT('',(0.0154257473988365,0.0448547060594234,0.028));
#1996=CARTESIAN_POINT('',(-0.00957425260116345,0.0448547060594234,0.028));
#1997=CARTESIAN_POINT('',(-0.00857425260116345,0.0448547060594234,0.028));
#1998=CARTESIAN_POINT('',(0.0154257473988365,0.0133547060594234,0.028));
#1999=CARTESIAN_POINT('',(0.0154257473988365,0.0431226552518545,0.028));
#2000=CARTESIAN_POINT('',(0.0154257473988365,-0.0164132431330077,0.028));
#2001=CARTESIAN_POINT('',(0.0144257473988366,-0.0181452939405766,0.028));
#2002=CARTESIAN_POINT('',(0.0126936965912677,-0.0191452939405766,0.028));
#2003=CARTESIAN_POINT('',(0.00242574739883656,-0.0191452939405766,0.028));
#2004=CARTESIAN_POINT('',(-0.00784220179359458,-0.0191452939405766,0.028));
#2005=CARTESIAN_POINT('',(-0.00957425260116345,-0.0181452939405766,0.028));
#2006=CARTESIAN_POINT('',(-0.0105742526011634,-0.0164132431330077,0.028));
#2007=CARTESIAN_POINT('',(-0.0105742526011634,0.0133547060594234,0.028));
#2008=CARTESIAN_POINT('',(-0.0105742526011635,0.0431226552518545,0.028));
#2009=CARTESIAN_POINT('',(-0.00957425260116346,0.0448547060594234,0.028));
#2010=CARTESIAN_POINT('',(-0.00784220179359458,0.0458547060594234,0.028));
#2011=CARTESIAN_POINT('',(0.00242574739883655,0.0458547060594234,0.028));
#2012=CARTESIAN_POINT('',(0.0126936965912677,0.0458547060594234,0.028));
#2013=CARTESIAN_POINT('',(0.0144257473988365,0.0448547060594234,0.028));
#2014=CARTESIAN_POINT('',(-0.0117742526011634,0.0133547060594234,0.028));
#2015=CARTESIAN_POINT('',(-0.0117742526011634,0.0460547060594234,0.028));
#2016=CARTESIAN_POINT('',(-0.0117742526011634,-0.0193452939405766,0.028));
#2017=CARTESIAN_POINT('',(-0.0107742526011634,-0.0193452939405766,0.028));
#2018=CARTESIAN_POINT('',(-0.0107742526011634,-0.0203452939405765,0.028));
#2019=CARTESIAN_POINT('',(0.00242574739883656,-0.0203452939405765,0.028));
#2020=CARTESIAN_POINT('',(0.0156257473988365,-0.0203452939405766,0.028));
#2021=CARTESIAN_POINT('',(0.0156257473988365,-0.0193452939405766,0.028));
#2022=CARTESIAN_POINT('',(0.0166257473988366,-0.0193452939405766,0.028));
#2023=CARTESIAN_POINT('',(0.0166257473988366,0.0133547060594234,0.028));
#2024=CARTESIAN_POINT('',(0.0166257473988366,0.0460547060594234,0.028));
#2025=CARTESIAN_POINT('',(0.0156257473988365,0.0460547060594234,0.028));
#2026=CARTESIAN_POINT('',(0.0156257473988365,0.0470547060594234,0.028));
#2027=CARTESIAN_POINT('',(0.00242574739883656,0.0470547060594234,0.028));
#2028=CARTESIAN_POINT('',(-0.0107742526011634,0.0470547060594234,0.028));
#2029=CARTESIAN_POINT('',(-0.0107742526011634,0.0460547060594234,0.028));
#2030=CARTESIAN_POINT('',(0.00242574739883655,0.0478547060594234,0.028));
#2031=CARTESIAN_POINT('',(0.00242574739883655,0.0478547060594234,0.));
#2032=CARTESIAN_POINT('',(0.00792574739883655,0.0478547060594234,0.));
#2033=CARTESIAN_POINT('',(0.0164257473988365,0.0478547060594234,0.));
#2034=CARTESIAN_POINT('',(0.00792574739883655,0.0478547060594234,0.003125));
#2035=CARTESIAN_POINT('',(0.00792574739883655,0.0478547060594234,0.00625));
#2036=CARTESIAN_POINT('',(0.00242574739883655,0.0478547060594234,0.00625));
#2037=CARTESIAN_POINT('',(-0.00307425260116345,0.0478547060594234,0.00625));
#2038=CARTESIAN_POINT('',(-0.00307425260116345,0.0478547060594234,0.003125));
#2039=CARTESIAN_POINT('',(-0.00307425260116345,0.0478547060594234,0.));
#2040=CARTESIAN_POINT('',(0.00242574739883655,0.0478547060594234,0.));
#2041=CARTESIAN_POINT('',(-0.0115742526011634,0.0478547060594234,0.));
#2042=CARTESIAN_POINT('',(-0.0115742526011634,0.0478547060594234,0.028));
#2043=CARTESIAN_POINT('',(-0.0115742526011634,0.0478547060594234,0.029));
#2044=CARTESIAN_POINT('',(0.00242574739883655,0.0478547060594234,0.029));
#2045=CARTESIAN_POINT('',(0.0164257473988365,0.0478547060594234,0.029));
#2046=CARTESIAN_POINT('',(0.0164257473988365,0.0478547060594234,0.028));
#2047=CARTESIAN_POINT('',(0.00242574739883655,0.0458547060594234,0.028));
#2048=CARTESIAN_POINT('',(0.00792574739883655,0.0458547060594234,0.028));
#2049=CARTESIAN_POINT('',(0.00792574739883655,0.0458547060594234,0.));
#2050=CARTESIAN_POINT('',(0.00792574739883655,0.0458547060594234,0.00625));
#2051=CARTESIAN_POINT('',(0.00242574739883655,0.0458547060594234,0.));
#2052=CARTESIAN_POINT('',(0.0126936965912677,0.0458547060594234,0.));
#2053=CARTESIAN_POINT('',(0.0126936965912677,0.0458547060594234,0.028));
#2054=CARTESIAN_POINT('',(-0.00784220179359458,0.0458547060594234,0.028));
#2055=CARTESIAN_POINT('',(-0.00784220179359458,0.0458547060594234,0.));
#2056=CARTESIAN_POINT('',(0.00242574739883655,0.0458547060594234,0.));
#2057=CARTESIAN_POINT('',(-0.00307425260116345,0.0458547060594234,0.));
#2058=CARTESIAN_POINT('',(-0.00307425260116345,0.0458547060594234,0.028));
#2059=CARTESIAN_POINT('',(-0.00307425260116345,0.0458547060594234,0.00625));
#2060=CARTESIAN_POINT('',(0.00242574739883655,0.0458547060594234,0.00625));
#2061=CARTESIAN_POINT('',(0.0174257473988365,0.0133547060594234,0.028));
#2062=CARTESIAN_POINT('',(0.0174257473988365,0.0133547060594234,0.));
#2063=CARTESIAN_POINT('',(0.0174257473988365,0.0468547060594234,0.));
#2064=CARTESIAN_POINT('',(0.0174257473988365,-0.0201452939405765,0.));
#2065=CARTESIAN_POINT('',(0.0174257473988365,0.0468547060594234,0.028));
#2066=CARTESIAN_POINT('',(0.0174257473988365,0.0468547060594234,0.029));
#2067=CARTESIAN_POINT('',(0.0174257473988365,0.0133547060594234,0.029));
#2068=CARTESIAN_POINT('',(0.0174257473988365,-0.0201452939405765,0.029));
#2069=CARTESIAN_POINT('',(0.0174257473988365,-0.0201452939405765,0.028));
#2070=CARTESIAN_POINT('',(0.0164257473988365,0.0468547060594234,0.028));
#2071=CARTESIAN_POINT('',(0.0164257473988365,0.0468547060594234,0.));
#2072=CARTESIAN_POINT('',(0.0164257473988365,0.0468547060594234,0.029));
#2073=CARTESIAN_POINT('',(-0.0115742526011634,0.0468547060594234,0.028));
#2074=CARTESIAN_POINT('',(-0.0115742526011634,0.0468547060594234,0.));
#2075=CARTESIAN_POINT('',(-0.0125742526011634,0.0468547060594234,0.));
#2076=CARTESIAN_POINT('',(-0.0125742526011634,0.0468547060594234,0.028));
#2077=CARTESIAN_POINT('',(-0.0125742526011634,0.0468547060594234,0.029));
#2078=CARTESIAN_POINT('',(-0.0115742526011634,0.0468547060594234,0.029));
#2079=CARTESIAN_POINT('',(-0.0125742526011634,0.0133547060594234,0.028));
#2080=CARTESIAN_POINT('',(-0.0125742526011634,0.0133547060594234,0.));
#2081=CARTESIAN_POINT('',(-0.0125742526011634,-0.0201452939405765,0.));
#2082=CARTESIAN_POINT('',(-0.0125742526011634,-0.0201452939405765,0.028));
#2083=CARTESIAN_POINT('',(-0.0125742526011634,-0.0201452939405765,0.029));
#2084=CARTESIAN_POINT('',(-0.0125742526011634,0.0133547060594234,0.029));
#2085=CARTESIAN_POINT('',(-0.0115742526011634,-0.0201452939405765,0.028));
#2086=CARTESIAN_POINT('',(-0.0115742526011634,-0.0201452939405765,0.));
#2087=CARTESIAN_POINT('',(-0.0115742526011634,-0.0211452939405766,0.));
#2088=CARTESIAN_POINT('',(-0.0115742526011634,-0.0211452939405766,0.028));
#2089=CARTESIAN_POINT('',(-0.0115742526011634,-0.0211452939405766,0.029));
#2090=CARTESIAN_POINT('',(-0.0115742526011634,-0.0201452939405765,0.029));
#2091=CARTESIAN_POINT('',(0.00242574739883656,-0.0211452939405765,0.028));
#2092=CARTESIAN_POINT('',(0.00242574739883656,-0.0211452939405765,0.));
#2093=CARTESIAN_POINT('',(0.0164257473988365,-0.0211452939405765,0.));
#2094=CARTESIAN_POINT('',(0.0164257473988365,-0.0211452939405765,0.028));
#2095=CARTESIAN_POINT('',(0.0164257473988365,-0.0211452939405765,0.029));
#2096=CARTESIAN_POINT('',(0.00242574739883656,-0.0211452939405765,0.029));
#2097=CARTESIAN_POINT('',(0.0154257473988365,0.0133547060594234,0.028));
#2098=CARTESIAN_POINT('',(0.0154257473988365,0.0133547060594234,0.));
#2099=CARTESIAN_POINT('',(0.0154257473988365,0.0431226552518545,0.));
#2100=CARTESIAN_POINT('',(0.0154257473988365,-0.0164132431330077,0.));
#2101=CARTESIAN_POINT('',(0.0154257473988365,-0.0164132431330077,0.028));
#2102=CARTESIAN_POINT('',(0.0154257473988365,0.0431226552518545,0.028));
#2103=CARTESIAN_POINT('',(0.0144257473988366,-0.0181452939405766,0.028));
#2104=CARTESIAN_POINT('',(0.0144257473988366,-0.0181452939405766,0.));
#2105=CARTESIAN_POINT('',(0.0126936965912677,-0.0191452939405766,0.));
#2106=CARTESIAN_POINT('',(0.0126936965912677,-0.0191452939405766,0.028));
#2107=CARTESIAN_POINT('',(0.00242574739883656,-0.0191452939405766,0.028));
#2108=CARTESIAN_POINT('',(0.00242574739883656,-0.0191452939405766,0.));
#2109=CARTESIAN_POINT('',(-0.00784220179359458,-0.0191452939405766,0.));
#2110=CARTESIAN_POINT('',(-0.00784220179359458,-0.0191452939405766,0.028));
#2111=CARTESIAN_POINT('',(-0.00957425260116345,-0.0181452939405766,0.028));
#2112=CARTESIAN_POINT('',(-0.00957425260116345,-0.0181452939405766,0.));
#2113=CARTESIAN_POINT('',(-0.0105742526011634,-0.0164132431330077,0.));
#2114=CARTESIAN_POINT('',(-0.0105742526011634,-0.0164132431330077,0.028));
#2115=CARTESIAN_POINT('',(-0.0105742526011634,0.0133547060594234,0.028));
#2116=CARTESIAN_POINT('',(-0.0105742526011634,0.0133547060594234,0.));
#2117=CARTESIAN_POINT('',(-0.0105742526011635,0.0431226552518545,0.));
#2118=CARTESIAN_POINT('',(-0.0105742526011635,0.0431226552518545,0.028));
#2119=CARTESIAN_POINT('',(-0.00957425260116346,0.0448547060594234,0.028));
#2120=CARTESIAN_POINT('',(-0.00957425260116346,0.0448547060594234,0.));
#2121=CARTESIAN_POINT('',(-0.00957425260116345,-0.0181452939405766,0.028));
#2122=CARTESIAN_POINT('',(-0.00957425260116345,-0.0181452939405766,0.));
#2123=CARTESIAN_POINT('',(-0.00857425260116345,-0.0181452939405766,0.));
#2124=CARTESIAN_POINT('',(0.0144257473988366,-0.0181452939405766,0.028));
#2125=CARTESIAN_POINT('',(0.0144257473988366,-0.0181452939405766,0.));
#2126=CARTESIAN_POINT('',(0.0154257473988366,-0.0181452939405766,0.));
#2127=CARTESIAN_POINT('',(0.0144257473988365,0.0448547060594234,0.028));
#2128=CARTESIAN_POINT('',(0.0144257473988365,0.0448547060594234,0.));
#2129=CARTESIAN_POINT('',(0.0154257473988365,0.0448547060594234,0.));
#2130=CARTESIAN_POINT('',(-0.00957425260116345,0.0448547060594234,0.028));
#2131=CARTESIAN_POINT('',(-0.00957425260116345,0.0448547060594234,0.));
#2132=CARTESIAN_POINT('',(-0.00857425260116345,0.0448547060594234,0.));
#2133=CARTESIAN_POINT('',(0.0144257473988365,0.0448547060594234,0.028));
#2134=CARTESIAN_POINT('',(0.0144257473988365,0.0448547060594234,0.));
#2135=CARTESIAN_POINT('',(0.0164257473988365,-0.0201452939405765,0.028));
#2136=CARTESIAN_POINT('',(0.0164257473988365,-0.0201452939405765,0.));
#2137=CARTESIAN_POINT('',(0.0164257473988365,-0.0201452939405765,0.029));
#2138=CARTESIAN_POINT('',(0.00242574739883656,0.0133547060594234,0.));
#2139=CARTESIAN_POINT('',(0.00792574739883655,0.0438547060594234,0.));
#2140=CARTESIAN_POINT('',(-0.00307425260116345,0.0438547060594234,0.));
#2141=CARTESIAN_POINT('',(0.00242574739883655,0.0438547060594234,0.00625));
#2142=CARTESIAN_POINT('',(-0.00307425260116345,0.0438547060594234,0.00625));
#2143=CARTESIAN_POINT('',(0.00792574739883655,0.0438547060594234,0.00625));
#2144=CARTESIAN_POINT('',(0.00792574739883655,0.0438547060594234,0.003125));
#2145=CARTESIAN_POINT('',(-0.00307425260116345,0.0438547060594234,0.003125));
#2146=CARTESIAN_POINT('',(-0.0107742526011634,-0.0193452939405766,0.029));
#2147=CARTESIAN_POINT('',(-0.0117742526011634,-0.0193452939405766,0.029));
#2148=CARTESIAN_POINT('',(-0.0117742526011634,-0.0193452939405766,0.029));
#2149=CARTESIAN_POINT('',(-0.0107742526011634,-0.0193452939405766,0.029));
#2150=CARTESIAN_POINT('',(-0.0107742526011634,-0.0203452939405765,0.029));
#2151=CARTESIAN_POINT('',(-0.0107742526011634,-0.0203452939405765,0.029));
#2152=CARTESIAN_POINT('',(-0.0117742526011634,0.0133547060594234,0.029));
#2153=CARTESIAN_POINT('',(-0.0117742526011634,0.0460547060594234,0.029));
#2154=CARTESIAN_POINT('',(-0.0117742526011634,0.0460547060594234,0.029));
#2155=CARTESIAN_POINT('',(-0.0117742526011634,0.0133547060594234,0.029));
#2156=CARTESIAN_POINT('',(-0.0107742526011634,0.0460547060594234,0.029));
#2157=CARTESIAN_POINT('',(-0.0107742526011634,0.0470547060594234,0.029));
#2158=CARTESIAN_POINT('',(-0.0107742526011634,0.0470547060594234,0.029));
#2159=CARTESIAN_POINT('',(-0.0107742526011634,0.0460547060594234,0.029));
#2160=CARTESIAN_POINT('',(0.00242574739883656,0.0470547060594234,0.029));
#2161=CARTESIAN_POINT('',(0.0156257473988365,0.0470547060594234,0.029));
#2162=CARTESIAN_POINT('',(0.0156257473988365,0.0470547060594234,0.029));
#2163=CARTESIAN_POINT('',(0.00242574739883656,0.0470547060594234,0.029));
#2164=CARTESIAN_POINT('',(0.0156257473988365,0.0460547060594234,0.029));
#2165=CARTESIAN_POINT('',(0.0166257473988366,0.0460547060594234,0.029));
#2166=CARTESIAN_POINT('',(0.0166257473988366,0.0460547060594234,0.029));
#2167=CARTESIAN_POINT('',(0.0156257473988365,0.0460547060594234,0.029));
#2168=CARTESIAN_POINT('',(0.0166257473988366,0.0133547060594234,0.029));
#2169=CARTESIAN_POINT('',(0.0166257473988366,-0.0193452939405766,0.029));
#2170=CARTESIAN_POINT('',(0.0166257473988366,-0.0193452939405766,0.029));
#2171=CARTESIAN_POINT('',(0.0166257473988366,0.0133547060594234,0.029));
#2172=CARTESIAN_POINT('',(0.0156257473988365,-0.0193452939405766,0.029));
#2173=CARTESIAN_POINT('',(0.0156257473988365,-0.0203452939405766,0.029));
#2174=CARTESIAN_POINT('',(0.0156257473988365,-0.0203452939405766,0.029));
#2175=CARTESIAN_POINT('',(0.0156257473988365,-0.0193452939405766,0.029));
#2176=CARTESIAN_POINT('',(0.00242574739883656,-0.0203452939405765,0.029));
#2177=CARTESIAN_POINT('',(0.00242574739883656,-0.0203452939405765,0.029));
#2178=CARTESIAN_POINT('',(0.00242574739883656,0.0133547060594234,0.029));
#2179=CARTESIAN_POINT('',(0.,0.,0.));
#2180=CARTESIAN_POINT('',(-0.00457425260116345,0.0281047060594234,0.0025));
#2181=CARTESIAN_POINT('',(-0.00457425260116345,0.0281047060594234,0.));
#2182=CARTESIAN_POINT('',(-0.00457425260116345,0.0221047060594234,0.));
#2183=CARTESIAN_POINT('',(-0.00457425260116345,0.0341047060594234,0.));
#2184=CARTESIAN_POINT('',(-0.00457425260116345,0.0221047060594234,0.0025));
#2185=CARTESIAN_POINT('',(-0.00457425260116345,0.0221047060594234,0.0025));
#2186=CARTESIAN_POINT('',(-0.00457425260116345,0.0281047060594234,0.0025));
#2187=CARTESIAN_POINT('',(-0.00457425260116345,0.0341047060594234,0.0025));
#2188=CARTESIAN_POINT('',(-0.00457425260116345,0.0341047060594234,0.0025));
#2189=CARTESIAN_POINT('',(0.00242574739883655,0.0221047060594234,0.0025));
#2190=CARTESIAN_POINT('',(0.00242574739883655,0.0221047060594234,0.));
#2191=CARTESIAN_POINT('',(0.00942574739883655,0.0221047060594234,0.));
#2192=CARTESIAN_POINT('',(0.00942574739883655,0.0221047060594234,0.0025));
#2193=CARTESIAN_POINT('',(0.00942574739883655,0.0221047060594234,0.0025));
#2194=CARTESIAN_POINT('',(0.00242574739883655,0.0221047060594234,0.0025));
#2195=CARTESIAN_POINT('',(0.00942574739883655,0.0281047060594234,0.0025));
#2196=CARTESIAN_POINT('',(0.00942574739883655,0.0281047060594234,0.));
#2197=CARTESIAN_POINT('',(0.00942574739883655,0.0341047060594234,0.));
#2198=CARTESIAN_POINT('',(0.00942574739883655,0.0341047060594234,0.0025));
#2199=CARTESIAN_POINT('',(0.00942574739883655,0.0341047060594234,0.0025));
#2200=CARTESIAN_POINT('',(0.00942574739883655,0.0281047060594234,0.0025));
#2201=CARTESIAN_POINT('',(0.00242574739883655,0.0341047060594234,0.0025));
#2202=CARTESIAN_POINT('',(0.00242574739883655,0.0341047060594234,0.));
#2203=CARTESIAN_POINT('',(0.00242574739883655,0.0341047060594234,0.0025));
#2204=CARTESIAN_POINT('',(0.00242574739883655,0.0133547060594234,0.0025));
#2205=CARTESIAN_POINT('',(0.00242574739883655,0.0133547060594234,0.));
#2206=CARTESIAN_POINT('',(0.,0.,0.));
#2207=CARTESIAN_POINT('',(0.00242574739883655,0.0221047060594234,0.005));
#2208=CARTESIAN_POINT('',(0.00242574739883655,0.0221047060594234,0.));
#2209=CARTESIAN_POINT('',(-0.00669925260116345,0.0221047060594234,0.));
#2210=CARTESIAN_POINT('',(0.0115507473988365,0.0221047060594234,0.));
#2211=CARTESIAN_POINT('',(-0.00669925260116345,0.0221047060594234,0.005));
#2212=CARTESIAN_POINT('',(-0.00669925260116345,0.0221047060594234,0.005));
#2213=CARTESIAN_POINT('',(0.00242574739883655,0.0221047060594234,0.005));
#2214=CARTESIAN_POINT('',(0.0115507473988365,0.0221047060594234,0.005));
#2215=CARTESIAN_POINT('',(0.0115507473988365,0.0221047060594234,0.005));
#2216=CARTESIAN_POINT('',(-0.00669925260116345,0.0252017563909563,0.005));
#2217=CARTESIAN_POINT('',(-0.00669925260116345,0.0252017563909563,0.));
#2218=CARTESIAN_POINT('',(-0.00669925260116345,0.0282988067224893,0.));
#2219=CARTESIAN_POINT('',(-0.00669925260116345,0.0282988067224893,0.005));
#2220=CARTESIAN_POINT('',(-0.00669925260116345,0.0282988067224893,0.005));
#2221=CARTESIAN_POINT('',(-0.00669925260116345,0.0252017563909563,0.005));
#2222=CARTESIAN_POINT('',(-0.00719925260116345,0.0282988067224893,0.005));
#2223=CARTESIAN_POINT('',(-0.00719925260116345,0.0282988067224893,0.));
#2224=CARTESIAN_POINT('',(-0.00769925260116345,0.0282988067224893,0.));
#2225=CARTESIAN_POINT('',(-0.00769925260116345,0.0282988067224893,0.005));
#2226=CARTESIAN_POINT('',(-0.00769925260116345,0.0282988067224893,0.005));
#2227=CARTESIAN_POINT('',(-0.00719925260116345,0.0282988067224893,0.005));
#2228=CARTESIAN_POINT('',(-0.00769925260116345,0.0247017563909563,0.005));
#2229=CARTESIAN_POINT('',(-0.00769925260116345,0.0247017563909563,0.));
#2230=CARTESIAN_POINT('',(-0.00769925260116345,0.0211047060594234,0.));
#2231=CARTESIAN_POINT('',(-0.00769925260116345,0.0211047060594234,0.005));
#2232=CARTESIAN_POINT('',(-0.00769925260116345,0.0211047060594234,0.005));
#2233=CARTESIAN_POINT('',(-0.00769925260116345,0.0247017563909563,0.005));
#2234=CARTESIAN_POINT('',(-0.00350277800494789,0.0211047060594234,0.005));
#2235=CARTESIAN_POINT('',(-0.00350277800494789,0.0211047060594234,0.));
#2236=CARTESIAN_POINT('',(0.000693696591267672,0.0211047060594234,0.));
#2237=CARTESIAN_POINT('',(0.000693696591267672,0.0211047060594234,0.005));
#2238=CARTESIAN_POINT('',(0.000693696591267672,0.0211047060594234,0.005));
#2239=CARTESIAN_POINT('',(-0.00350277800494789,0.0211047060594234,0.005));
#2240=CARTESIAN_POINT('',(0.00242574739883655,0.0201047060594234,0.005));
#2241=CARTESIAN_POINT('',(0.00242574739883655,0.0201047060594234,0.));
#2242=CARTESIAN_POINT('',(0.00415779820640542,0.0211047060594234,0.));
#2243=CARTESIAN_POINT('',(0.00415779820640542,0.0211047060594234,0.005));
#2244=CARTESIAN_POINT('',(0.00415779820640542,0.0211047060594234,0.005));
#2245=CARTESIAN_POINT('',(0.00242574739883655,0.0201047060594234,0.005));
#2246=CARTESIAN_POINT('',(0.00835427280262099,0.0211047060594234,0.005));
#2247=CARTESIAN_POINT('',(0.00835427280262099,0.0211047060594234,0.));
#2248=CARTESIAN_POINT('',(0.0125507473988365,0.0211047060594234,0.));
#2249=CARTESIAN_POINT('',(0.0125507473988365,0.0211047060594234,0.005));
#2250=CARTESIAN_POINT('',(0.0125507473988365,0.0211047060594234,0.005));
#2251=CARTESIAN_POINT('',(0.00835427280262099,0.0211047060594234,0.005));
#2252=CARTESIAN_POINT('',(0.0125507473988365,0.0247017563909563,0.005));
#2253=CARTESIAN_POINT('',(0.0125507473988365,0.0247017563909563,0.));
#2254=CARTESIAN_POINT('',(0.0125507473988365,0.0282988067224893,0.));
#2255=CARTESIAN_POINT('',(0.0125507473988365,0.0282988067224893,0.005));
#2256=CARTESIAN_POINT('',(0.0125507473988365,0.0282988067224893,0.005));
#2257=CARTESIAN_POINT('',(0.0125507473988365,0.0247017563909563,0.005));
#2258=CARTESIAN_POINT('',(0.0120507473988365,0.0282988067224893,0.005));
#2259=CARTESIAN_POINT('',(0.0120507473988365,0.0282988067224893,0.));
#2260=CARTESIAN_POINT('',(0.0115507473988365,0.0282988067224893,0.));
#2261=CARTESIAN_POINT('',(0.0115507473988365,0.0282988067224893,0.005));
#2262=CARTESIAN_POINT('',(0.0115507473988365,0.0282988067224893,0.005));
#2263=CARTESIAN_POINT('',(0.0120507473988365,0.0282988067224893,0.005));
#2264=CARTESIAN_POINT('',(0.00242574739883655,0.0201047060594234,0.005));
#2265=CARTESIAN_POINT('',(0.00242574739883655,0.0201047060594234,0.005));
#2266=CARTESIAN_POINT('',(0.00342574739883655,0.0201047060594234,0.005));
#2267=CARTESIAN_POINT('',(0.00242574739883655,0.0201047060594234,0.));
#2268=CARTESIAN_POINT('',(0.00342574739883655,0.0201047060594234,0.));
#2269=CARTESIAN_POINT('',(0.0115507473988365,0.0252017563909563,0.005));
#2270=CARTESIAN_POINT('',(0.0115507473988365,0.0252017563909563,0.));
#2271=CARTESIAN_POINT('',(0.0115507473988365,0.0252017563909563,0.005));
#2272=CARTESIAN_POINT('',(0.00242574739883656,0.0133547060594234,0.005));
#2273=CARTESIAN_POINT('',(0.00242574739883656,0.0133547060594234,0.));
#2274=MECHANICAL_DESIGN_GEOMETRIC_PRESENTATION_REPRESENTATION('',(#1327),
#2279);
#2275=MECHANICAL_DESIGN_GEOMETRIC_PRESENTATION_REPRESENTATION('',(#1328),
#2280);
#2276=MECHANICAL_DESIGN_GEOMETRIC_PRESENTATION_REPRESENTATION('',(#1329),
#2281);
#2277=MECHANICAL_DESIGN_GEOMETRIC_PRESENTATION_REPRESENTATION('',(#1330),
#2282);
#2278=MECHANICAL_DESIGN_GEOMETRIC_PRESENTATION_REPRESENTATION('',(#1331),
#2283);
#2279=(
GEOMETRIC_REPRESENTATION_CONTEXT(3)
GLOBAL_UNCERTAINTY_ASSIGNED_CONTEXT((#2284))
GLOBAL_UNIT_ASSIGNED_CONTEXT((#2299,#2294,#2289))
REPRESENTATION_CONTEXT('Part 5','TOP_LEVEL_ASSEMBLY_PART')
);
#2280=(
GEOMETRIC_REPRESENTATION_CONTEXT(3)
GLOBAL_UNCERTAINTY_ASSIGNED_CONTEXT((#2285))
GLOBAL_UNIT_ASSIGNED_CONTEXT((#2300,#2295,#2290))
REPRESENTATION_CONTEXT('Part 3','TOP_LEVEL_ASSEMBLY_PART')
);
#2281=(
GEOMETRIC_REPRESENTATION_CONTEXT(3)
GLOBAL_UNCERTAINTY_ASSIGNED_CONTEXT((#2286))
GLOBAL_UNIT_ASSIGNED_CONTEXT((#2301,#2296,#2291))
REPRESENTATION_CONTEXT('Part 2','TOP_LEVEL_ASSEMBLY_PART')
);
#2282=(
GEOMETRIC_REPRESENTATION_CONTEXT(3)
GLOBAL_UNCERTAINTY_ASSIGNED_CONTEXT((#2287))
GLOBAL_UNIT_ASSIGNED_CONTEXT((#2302,#2297,#2292))
REPRESENTATION_CONTEXT('Part 4','TOP_LEVEL_ASSEMBLY_PART')
);
#2283=(
GEOMETRIC_REPRESENTATION_CONTEXT(3)
GLOBAL_UNCERTAINTY_ASSIGNED_CONTEXT((#2288))
GLOBAL_UNIT_ASSIGNED_CONTEXT((#2303,#2298,#2293))
REPRESENTATION_CONTEXT('Part 1','TOP_LEVEL_ASSEMBLY_PART')
);
#2284=UNCERTAINTY_MEASURE_WITH_UNIT(LENGTH_MEASURE(1.E-8),#2299,
'DISTANCE_ACCURACY_VALUE','Maximum Tolerance applied to model');
#2285=UNCERTAINTY_MEASURE_WITH_UNIT(LENGTH_MEASURE(1.E-8),#2300,
'DISTANCE_ACCURACY_VALUE','Maximum Tolerance applied to model');
#2286=UNCERTAINTY_MEASURE_WITH_UNIT(LENGTH_MEASURE(1.E-8),#2301,
'DISTANCE_ACCURACY_VALUE','Maximum Tolerance applied to model');
#2287=UNCERTAINTY_MEASURE_WITH_UNIT(LENGTH_MEASURE(1.E-8),#2302,
'DISTANCE_ACCURACY_VALUE','Maximum Tolerance applied to model');
#2288=UNCERTAINTY_MEASURE_WITH_UNIT(LENGTH_MEASURE(1.E-8),#2303,
'DISTANCE_ACCURACY_VALUE','Maximum Tolerance applied to model');
#2289=(
NAMED_UNIT(*)
SI_UNIT($,.STERADIAN.)
SOLID_ANGLE_UNIT()
);
#2290=(
NAMED_UNIT(*)
SI_UNIT($,.STERADIAN.)
SOLID_ANGLE_UNIT()
);
#2291=(
NAMED_UNIT(*)
SI_UNIT($,.STERADIAN.)
SOLID_ANGLE_UNIT()
);
#2292=(
NAMED_UNIT(*)
SI_UNIT($,.STERADIAN.)
SOLID_ANGLE_UNIT()
);
#2293=(
NAMED_UNIT(*)
SI_UNIT($,.STERADIAN.)
SOLID_ANGLE_UNIT()
);
#2294=(
NAMED_UNIT(*)
PLANE_ANGLE_UNIT()
SI_UNIT($,.RADIAN.)
);
#2295=(
NAMED_UNIT(*)
PLANE_ANGLE_UNIT()
SI_UNIT($,.RADIAN.)
);
#2296=(
NAMED_UNIT(*)
PLANE_ANGLE_UNIT()
SI_UNIT($,.RADIAN.)
);
#2297=(
NAMED_UNIT(*)
PLANE_ANGLE_UNIT()
SI_UNIT($,.RADIAN.)
);
#2298=(
NAMED_UNIT(*)
PLANE_ANGLE_UNIT()
SI_UNIT($,.RADIAN.)
);
#2299=(
LENGTH_UNIT()
NAMED_UNIT(*)
SI_UNIT($,.METRE.)
);
#2300=(
LENGTH_UNIT()
NAMED_UNIT(*)
SI_UNIT($,.METRE.)
);
#2301=(
LENGTH_UNIT()
NAMED_UNIT(*)
SI_UNIT($,.METRE.)
);
#2302=(
LENGTH_UNIT()
NAMED_UNIT(*)
SI_UNIT($,.METRE.)
);
#2303=(
LENGTH_UNIT()
NAMED_UNIT(*)
SI_UNIT($,.METRE.)
);
#2304=PRODUCT_DEFINITION_SHAPE('','',#2309);
#2305=PRODUCT_DEFINITION_SHAPE('','',#2310);
#2306=PRODUCT_DEFINITION_SHAPE('','',#2311);
#2307=PRODUCT_DEFINITION_SHAPE('','',#2312);
#2308=PRODUCT_DEFINITION_SHAPE('','',#2313);
#2309=PRODUCT_DEFINITION('','',#2319,#2314);
#2310=PRODUCT_DEFINITION('','',#2320,#2315);
#2311=PRODUCT_DEFINITION('','',#2321,#2316);
#2312=PRODUCT_DEFINITION('','',#2322,#2317);
#2313=PRODUCT_DEFINITION('','',#2323,#2318);
#2314=PRODUCT_DEFINITION_CONTEXT('',#2349,'design');
#2315=PRODUCT_DEFINITION_CONTEXT('',#2350,'design');
#2316=PRODUCT_DEFINITION_CONTEXT('',#2351,'design');
#2317=PRODUCT_DEFINITION_CONTEXT('',#2352,'design');
#2318=PRODUCT_DEFINITION_CONTEXT('',#2353,'design');
#2319=PRODUCT_DEFINITION_FORMATION_WITH_SPECIFIED_SOURCE('','',#2329,
 .NOT_KNOWN.);
#2320=PRODUCT_DEFINITION_FORMATION_WITH_SPECIFIED_SOURCE('','',#2330,
 .NOT_KNOWN.);
#2321=PRODUCT_DEFINITION_FORMATION_WITH_SPECIFIED_SOURCE('','',#2331,
 .NOT_KNOWN.);
#2322=PRODUCT_DEFINITION_FORMATION_WITH_SPECIFIED_SOURCE('','',#2332,
 .NOT_KNOWN.);
#2323=PRODUCT_DEFINITION_FORMATION_WITH_SPECIFIED_SOURCE('','',#2333,
 .NOT_KNOWN.);
#2324=PRODUCT_RELATED_PRODUCT_CATEGORY('','',(#2329));
#2325=PRODUCT_RELATED_PRODUCT_CATEGORY('','',(#2330));
#2326=PRODUCT_RELATED_PRODUCT_CATEGORY('','',(#2331));
#2327=PRODUCT_RELATED_PRODUCT_CATEGORY('','',(#2332));
#2328=PRODUCT_RELATED_PRODUCT_CATEGORY('','',(#2333));
#2329=PRODUCT('Part 5','Part 5','Part 5',(#2339));
#2330=PRODUCT('Part 3','Part 3','Part 3',(#2340));
#2331=PRODUCT('Part 2','Part 2','Part 2',(#2341));
#2332=PRODUCT('Part 4','Part 4','Part 4',(#2342));
#2333=PRODUCT('Part 1','Part 1','Part 1',(#2343));
#2334=PRODUCT_CATEGORY('','');
#2335=PRODUCT_CATEGORY('','');
#2336=PRODUCT_CATEGORY('','');
#2337=PRODUCT_CATEGORY('','');
#2338=PRODUCT_CATEGORY('','');
#2339=PRODUCT_CONTEXT('',#2349,'mechanical');
#2340=PRODUCT_CONTEXT('',#2350,'mechanical');
#2341=PRODUCT_CONTEXT('',#2351,'mechanical');
#2342=PRODUCT_CONTEXT('',#2352,'mechanical');
#2343=PRODUCT_CONTEXT('',#2353,'mechanical');
#2344=APPLICATION_PROTOCOL_DEFINITION('international standard',
'ap242_managed_model_based_3d_engineering',2020,#2349);
#2345=APPLICATION_PROTOCOL_DEFINITION('international standard',
'ap242_managed_model_based_3d_engineering',2020,#2350);
#2346=APPLICATION_PROTOCOL_DEFINITION('international standard',
'ap242_managed_model_based_3d_engineering',2020,#2351);
#2347=APPLICATION_PROTOCOL_DEFINITION('international standard',
'ap242_managed_model_based_3d_engineering',2020,#2352);
#2348=APPLICATION_PROTOCOL_DEFINITION('international standard',
'ap242_managed_model_based_3d_engineering',2020,#2353);
#2349=APPLICATION_CONTEXT('managed model based 3d engineering');
#2350=APPLICATION_CONTEXT('managed model based 3d engineering');
#2351=APPLICATION_CONTEXT('managed model based 3d engineering');
#2352=APPLICATION_CONTEXT('managed model based 3d engineering');
#2353=APPLICATION_CONTEXT('managed model based 3d engineering');
ENDSEC;
END-ISO-10303-21;
