ISO-10303-21;
HEADER;
/* Generated by software containing ST-Developer
 * from STEP Tools, Inc. (www.steptools.com) 
 */
/* OPTION: using custom renumber hook */

FILE_DESCRIPTION(
/* description */ ('STEP AP242 Edition 2',
'CAx-IF Rec.Pracs.---Representation and Presentation of Product Manufa
cturing Information (PMI)---4.0---2014-10-13',
'CAx-IF Rec.Pracs.---3D Tessellated Geometry---0.4---2014-09-14','2;1',
'CAx-IF Rec.Pracs.---User Defined Attributes---1.5---2016-08-15'),
/* implementation_level */ '2;1');

FILE_NAME(
/* name */ 'DHT22 Lid',
/* time_stamp */ '2026-09-13T11:48:16Z',
/* author */ (''),
/* organization */ (''),
/* preprocessor_version */ 'ST-DEVELOPER v20',
/* originating_system */ 'ONSHAPE BY PTC INC, 1.220',
/* authorisation */ '  ');

FILE_SCHEMA (('AP242_MANAGED_MODEL_BASED_3D_ENGINEERING_MIM_LF { 1 0 10303 442 3 1 4 }'));
ENDSEC;

DATA;
#10=SHAPE_REPRESENTATION_RELATIONSHIP('','',#1983,#11);
#11=ADVANCED_BREP_SHAPE_REPRESENTATION('',(#1981),#3299);
#12=LINE('',#2782,#152);
#13=LINE('',#2787,#153);
#14=LINE('',#2791,#154);
#15=LINE('',#2795,#155);
#16=LINE('',#2801,#156);
#17=LINE('',#2803,#157);
#18=LINE('',#2805,#158);
#19=LINE('',#2809,#159);
#20=LINE('',#2811,#160);
#21=LINE('',#2813,#161);
#22=LINE('',#2817,#162);
#23=LINE('',#2819,#163);
#24=LINE('',#2821,#164);
#25=LINE('',#2825,#165);
#26=LINE('',#2827,#166);
#27=LINE('',#2829,#167);
#28=LINE('',#2831,#168);
#29=LINE('',#2833,#169);
#30=LINE('',#2895,#170);
#31=LINE('',#2898,#171);
#32=LINE('',#2900,#172);
#33=LINE('',#2902,#173);
#34=LINE('',#2904,#174);
#35=LINE('',#2907,#175);
#36=LINE('',#2909,#176);
#37=LINE('',#2911,#177);
#38=LINE('',#2913,#178);
#39=LINE('',#2915,#179);
#40=LINE('',#2919,#180);
#41=LINE('',#2923,#181);
#42=LINE('',#2925,#182);
#43=LINE('',#2929,#183);
#44=LINE('',#2933,#184);
#45=LINE('',#2937,#185);
#46=LINE('',#2941,#186);
#47=LINE('',#2943,#187);
#48=LINE('',#2947,#188);
#49=LINE('',#2951,#189);
#50=LINE('',#2953,#190);
#51=LINE('',#2955,#191);
#52=LINE('',#2957,#192);
#53=LINE('',#2960,#193);
#54=LINE('',#2962,#194);
#55=LINE('',#2963,#195);
#56=LINE('',#2965,#196);
#57=LINE('',#2967,#197);
#58=LINE('',#2968,#198);
#59=LINE('',#2970,#199);
#60=LINE('',#2972,#200);
#61=LINE('',#2973,#201);
#62=LINE('',#2975,#202);
#63=LINE('',#2977,#203);
#64=LINE('',#2979,#204);
#65=LINE('',#2981,#205);
#66=LINE('',#2983,#206);
#67=LINE('',#2984,#207);
#68=LINE('',#2986,#208);
#69=LINE('',#2988,#209);
#70=LINE('',#2990,#210);
#71=LINE('',#2992,#211);
#72=LINE('',#2994,#212);
#73=LINE('',#2998,#213);
#74=LINE('',#3000,#214);
#75=LINE('',#3002,#215);
#76=LINE('',#3006,#216);
#77=LINE('',#3008,#217);
#78=LINE('',#3010,#218);
#79=LINE('',#3014,#219);
#80=LINE('',#3016,#220);
#81=LINE('',#3119,#221);
#82=LINE('',#3120,#222);
#83=LINE('',#3122,#223);
#84=LINE('',#3124,#224);
#85=LINE('',#3125,#225);
#86=LINE('',#3127,#226);
#87=LINE('',#3129,#227);
#88=LINE('',#3131,#228);
#89=LINE('',#3133,#229);
#90=LINE('',#3134,#230);
#91=LINE('',#3136,#231);
#92=LINE('',#3138,#232);
#93=LINE('',#3140,#233);
#94=LINE('',#3142,#234);
#95=LINE('',#3143,#235);
#96=LINE('',#3145,#236);
#97=LINE('',#3147,#237);
#98=LINE('',#3150,#238);
#99=LINE('',#3152,#239);
#100=LINE('',#3154,#240);
#101=LINE('',#3156,#241);
#102=LINE('',#3158,#242);
#103=LINE('',#3160,#243);
#104=LINE('',#3161,#244);
#105=LINE('',#3163,#245);
#106=LINE('',#3164,#246);
#107=LINE('',#3166,#247);
#108=LINE('',#3168,#248);
#109=LINE('',#3170,#249);
#110=LINE('',#3172,#250);
#111=LINE('',#3174,#251);
#112=LINE('',#3178,#252);
#113=LINE('',#3180,#253);
#114=LINE('',#3182,#254);
#115=LINE('',#3186,#255);
#116=LINE('',#3188,#256);
#117=LINE('',#3190,#257);
#118=LINE('',#3192,#258);
#119=LINE('',#3194,#259);
#120=LINE('',#3203,#260);
#121=LINE('',#3205,#261);
#122=LINE('',#3207,#262);
#123=LINE('',#3209,#263);
#124=LINE('',#3211,#264);
#125=LINE('',#3213,#265);
#126=LINE('',#3215,#266);
#127=LINE('',#3217,#267);
#128=LINE('',#3219,#268);
#129=LINE('',#3223,#269);
#130=LINE('',#3225,#270);
#131=LINE('',#3227,#271);
#132=LINE('',#3231,#272);
#133=LINE('',#3240,#273);
#134=LINE('',#3242,#274);
#135=LINE('',#3245,#275);
#136=LINE('',#3247,#276);
#137=LINE('',#3250,#277);
#138=LINE('',#3252,#278);
#139=LINE('',#3254,#279);
#140=LINE('',#3256,#280);
#141=LINE('',#3258,#281);
#142=LINE('',#3261,#282);
#143=LINE('',#3263,#283);
#144=LINE('',#3265,#284);
#145=LINE('',#3267,#285);
#146=LINE('',#3269,#286);
#147=LINE('',#3272,#287);
#148=LINE('',#3274,#288);
#149=LINE('',#3276,#289);
#150=LINE('',#3278,#290);
#151=LINE('',#3280,#291);
#152=VECTOR('',#2224,1.);
#153=VECTOR('',#2227,1.);
#154=VECTOR('',#2230,1.);
#155=VECTOR('',#2233,1.);
#156=VECTOR('',#2238,1.);
#157=VECTOR('',#2239,1.);
#158=VECTOR('',#2240,1.);
#159=VECTOR('',#2243,1.);
#160=VECTOR('',#2244,1.);
#161=VECTOR('',#2245,1.);
#162=VECTOR('',#2248,1.);
#163=VECTOR('',#2249,1.);
#164=VECTOR('',#2250,1.);
#165=VECTOR('',#2253,1.);
#166=VECTOR('',#2254,1.);
#167=VECTOR('',#2255,1.);
#168=VECTOR('',#2256,1.);
#169=VECTOR('',#2257,1.);
#170=VECTOR('',#2320,1.);
#171=VECTOR('',#2321,1.);
#172=VECTOR('',#2322,1.);
#173=VECTOR('',#2323,1.);
#174=VECTOR('',#2326,1.);
#175=VECTOR('',#2327,1.);
#176=VECTOR('',#2328,1.);
#177=VECTOR('',#2329,1.);
#178=VECTOR('',#2330,1.);
#179=VECTOR('',#2331,1.);
#180=VECTOR('',#2334,1.);
#181=VECTOR('',#2337,1.);
#182=VECTOR('',#2338,1.);
#183=VECTOR('',#2341,1.);
#184=VECTOR('',#2344,1.);
#185=VECTOR('',#2347,1.);
#186=VECTOR('',#2350,1.);
#187=VECTOR('',#2351,1.);
#188=VECTOR('',#2354,1.);
#189=VECTOR('',#2357,1.);
#190=VECTOR('',#2358,1.);
#191=VECTOR('',#2359,1.);
#192=VECTOR('',#2362,1.);
#193=VECTOR('',#2363,1.);
#194=VECTOR('',#2364,1.);
#195=VECTOR('',#2365,1.);
#196=VECTOR('',#2366,1.);
#197=VECTOR('',#2367,1.);
#198=VECTOR('',#2368,1.);
#199=VECTOR('',#2369,1.);
#200=VECTOR('',#2370,1.);
#201=VECTOR('',#2371,1.);
#202=VECTOR('',#2372,1.);
#203=VECTOR('',#2375,1.);
#204=VECTOR('',#2376,1.);
#205=VECTOR('',#2377,1.);
#206=VECTOR('',#2380,1.);
#207=VECTOR('',#2381,1.);
#208=VECTOR('',#2384,1.);
#209=VECTOR('',#2387,1.);
#210=VECTOR('',#2388,1.);
#211=VECTOR('',#2389,1.);
#212=VECTOR('',#2392,1.);
#213=VECTOR('',#2397,1.);
#214=VECTOR('',#2398,1.);
#215=VECTOR('',#2401,1.);
#216=VECTOR('',#2406,1.);
#217=VECTOR('',#2407,1.);
#218=VECTOR('',#2410,1.);
#219=VECTOR('',#2415,1.);
#220=VECTOR('',#2416,1.);
#221=VECTOR('',#2553,1.);
#222=VECTOR('',#2554,1.);
#223=VECTOR('',#2557,1.);
#224=VECTOR('',#2560,1.);
#225=VECTOR('',#2561,1.);
#226=VECTOR('',#2562,1.);
#227=VECTOR('',#2563,1.);
#228=VECTOR('',#2566,1.);
#229=VECTOR('',#2569,1.);
#230=VECTOR('',#2570,1.);
#231=VECTOR('',#2571,1.);
#232=VECTOR('',#2572,1.);
#233=VECTOR('',#2575,1.);
#234=VECTOR('',#2578,1.);
#235=VECTOR('',#2579,1.);
#236=VECTOR('',#2580,1.);
#237=VECTOR('',#2581,1.);
#238=VECTOR('',#2586,1.);
#239=VECTOR('',#2587,1.);
#240=VECTOR('',#2588,1.);
#241=VECTOR('',#2591,1.);
#242=VECTOR('',#2592,1.);
#243=VECTOR('',#2593,1.);
#244=VECTOR('',#2594,1.);
#245=VECTOR('',#2595,1.);
#246=VECTOR('',#2596,1.);
#247=VECTOR('',#2597,1.);
#248=VECTOR('',#2598,1.);
#249=VECTOR('',#2601,1.);
#250=VECTOR('',#2602,1.);
#251=VECTOR('',#2605,1.);
#252=VECTOR('',#2610,1.);
#253=VECTOR('',#2611,1.);
#254=VECTOR('',#2614,1.);
#255=VECTOR('',#2619,1.);
#256=VECTOR('',#2620,1.);
#257=VECTOR('',#2623,1.);
#258=VECTOR('',#2624,1.);
#259=VECTOR('',#2627,1.);
#260=VECTOR('',#2640,1.);
#261=VECTOR('',#2641,1.);
#262=VECTOR('',#2644,1.);
#263=VECTOR('',#2645,1.);
#264=VECTOR('',#2648,1.);
#265=VECTOR('',#2649,1.);
#266=VECTOR('',#2652,1.);
#267=VECTOR('',#2653,1.);
#268=VECTOR('',#2656,1.);
#269=VECTOR('',#2661,1.);
#270=VECTOR('',#2662,1.);
#271=VECTOR('',#2665,1.);
#272=VECTOR('',#2670,1.);
#273=VECTOR('',#2683,1.);
#274=VECTOR('',#2686,1.);
#275=VECTOR('',#2691,1.);
#276=VECTOR('',#2694,1.);
#277=VECTOR('',#2699,1.);
#278=VECTOR('',#2700,1.);
#279=VECTOR('',#2701,1.);
#280=VECTOR('',#2704,1.);
#281=VECTOR('',#2707,1.);
#282=VECTOR('',#2712,1.);
#283=VECTOR('',#2713,1.);
#284=VECTOR('',#2716,1.);
#285=VECTOR('',#2717,1.);
#286=VECTOR('',#2720,1.);
#287=VECTOR('',#2725,1.);
#288=VECTOR('',#2726,1.);
#289=VECTOR('',#2729,1.);
#290=VECTOR('',#2730,1.);
#291=VECTOR('',#2733,1.);
#292=PLANE('',#1997);
#293=PLANE('',#2006);
#294=PLANE('',#2037);
#295=PLANE('',#2046);
#296=PLANE('',#2047);
#297=PLANE('',#2048);
#298=PLANE('',#2049);
#299=PLANE('',#2050);
#300=PLANE('',#2053);
#301=PLANE('',#2056);
#302=PLANE('',#2059);
#303=PLANE('',#2122);
#304=PLANE('',#2127);
#305=PLANE('',#2129);
#306=PLANE('',#2131);
#307=PLANE('',#2133);
#308=PLANE('',#2135);
#309=PLANE('',#2136);
#310=PLANE('',#2137);
#311=PLANE('',#2140);
#312=PLANE('',#2143);
#313=PLANE('',#2144);
#314=PLANE('',#2145);
#315=PLANE('',#2149);
#316=PLANE('',#2150);
#317=PLANE('',#2151);
#318=PLANE('',#2152);
#319=PLANE('',#2153);
#320=PLANE('',#2154);
#321=PLANE('',#2157);
#322=PLANE('',#2160);
#323=PLANE('',#2164);
#324=PLANE('',#2165);
#325=PLANE('',#2166);
#326=PLANE('',#2167);
#327=PLANE('',#2168);
#328=PLANE('',#2169);
#329=PLANE('',#2170);
#330=PLANE('',#2171);
#331=PLANE('',#2172);
#332=PLANE('',#2173);
#333=PLANE('',#2174);
#334=PLANE('',#2175);
#335=PLANE('',#2176);
#336=PLANE('',#2177);
#337=PLANE('',#2178);
#338=PLANE('',#2179);
#339=PLANE('',#2180);
#340=PLANE('',#2181);
#341=PLANE('',#2182);
#342=PLANE('',#2183);
#343=PLANE('',#2186);
#344=PLANE('',#2189);
#345=PLANE('',#2192);
#346=PLANE('',#2195);
#347=ORIENTED_EDGE('',*,*,#835,.T.);
#348=ORIENTED_EDGE('',*,*,#836,.F.);
#349=ORIENTED_EDGE('',*,*,#837,.T.);
#350=ORIENTED_EDGE('',*,*,#838,.F.);
#351=ORIENTED_EDGE('',*,*,#839,.T.);
#352=ORIENTED_EDGE('',*,*,#840,.F.);
#353=ORIENTED_EDGE('',*,*,#841,.T.);
#354=ORIENTED_EDGE('',*,*,#842,.F.);
#355=ORIENTED_EDGE('',*,*,#841,.F.);
#356=ORIENTED_EDGE('',*,*,#839,.F.);
#357=ORIENTED_EDGE('',*,*,#837,.F.);
#358=ORIENTED_EDGE('',*,*,#835,.F.);
#359=ORIENTED_EDGE('',*,*,#843,.F.);
#360=ORIENTED_EDGE('',*,*,#844,.T.);
#361=ORIENTED_EDGE('',*,*,#845,.F.);
#362=ORIENTED_EDGE('',*,*,#846,.T.);
#363=ORIENTED_EDGE('',*,*,#847,.T.);
#364=ORIENTED_EDGE('',*,*,#848,.T.);
#365=ORIENTED_EDGE('',*,*,#849,.T.);
#366=ORIENTED_EDGE('',*,*,#850,.T.);
#367=ORIENTED_EDGE('',*,*,#851,.T.);
#368=ORIENTED_EDGE('',*,*,#852,.T.);
#369=ORIENTED_EDGE('',*,*,#853,.F.);
#370=ORIENTED_EDGE('',*,*,#854,.T.);
#371=ORIENTED_EDGE('',*,*,#855,.T.);
#372=ORIENTED_EDGE('',*,*,#856,.T.);
#373=ORIENTED_EDGE('',*,*,#857,.T.);
#374=ORIENTED_EDGE('',*,*,#858,.T.);
#375=ORIENTED_EDGE('',*,*,#859,.T.);
#376=ORIENTED_EDGE('',*,*,#860,.F.);
#377=ORIENTED_EDGE('',*,*,#861,.T.);
#378=ORIENTED_EDGE('',*,*,#862,.F.);
#379=ORIENTED_EDGE('',*,*,#863,.T.);
#380=ORIENTED_EDGE('',*,*,#864,.F.);
#381=ORIENTED_EDGE('',*,*,#865,.F.);
#382=ORIENTED_EDGE('',*,*,#866,.F.);
#383=ORIENTED_EDGE('',*,*,#867,.F.);
#384=ORIENTED_EDGE('',*,*,#868,.F.);
#385=ORIENTED_EDGE('',*,*,#869,.F.);
#386=ORIENTED_EDGE('',*,*,#870,.F.);
#387=ORIENTED_EDGE('',*,*,#871,.F.);
#388=ORIENTED_EDGE('',*,*,#872,.F.);
#389=ORIENTED_EDGE('',*,*,#873,.F.);
#390=ORIENTED_EDGE('',*,*,#874,.F.);
#391=ORIENTED_EDGE('',*,*,#875,.F.);
#392=ORIENTED_EDGE('',*,*,#876,.F.);
#393=ORIENTED_EDGE('',*,*,#877,.F.);
#394=ORIENTED_EDGE('',*,*,#878,.F.);
#395=ORIENTED_EDGE('',*,*,#879,.F.);
#396=ORIENTED_EDGE('',*,*,#880,.F.);
#397=ORIENTED_EDGE('',*,*,#881,.F.);
#398=ORIENTED_EDGE('',*,*,#882,.F.);
#399=ORIENTED_EDGE('',*,*,#883,.F.);
#400=ORIENTED_EDGE('',*,*,#884,.F.);
#401=ORIENTED_EDGE('',*,*,#885,.F.);
#402=ORIENTED_EDGE('',*,*,#886,.F.);
#403=ORIENTED_EDGE('',*,*,#887,.F.);
#404=ORIENTED_EDGE('',*,*,#888,.F.);
#405=ORIENTED_EDGE('',*,*,#889,.F.);
#406=ORIENTED_EDGE('',*,*,#890,.F.);
#407=ORIENTED_EDGE('',*,*,#891,.F.);
#408=ORIENTED_EDGE('',*,*,#892,.F.);
#409=ORIENTED_EDGE('',*,*,#893,.F.);
#410=ORIENTED_EDGE('',*,*,#894,.F.);
#411=ORIENTED_EDGE('',*,*,#895,.F.);
#412=ORIENTED_EDGE('',*,*,#896,.F.);
#413=ORIENTED_EDGE('',*,*,#897,.F.);
#414=ORIENTED_EDGE('',*,*,#898,.F.);
#415=ORIENTED_EDGE('',*,*,#899,.F.);
#416=ORIENTED_EDGE('',*,*,#900,.T.);
#417=ORIENTED_EDGE('',*,*,#901,.T.);
#418=ORIENTED_EDGE('',*,*,#902,.F.);
#419=ORIENTED_EDGE('',*,*,#903,.F.);
#420=ORIENTED_EDGE('',*,*,#904,.T.);
#421=ORIENTED_EDGE('',*,*,#905,.T.);
#422=ORIENTED_EDGE('',*,*,#906,.F.);
#423=ORIENTED_EDGE('',*,*,#907,.F.);
#424=ORIENTED_EDGE('',*,*,#908,.T.);
#425=ORIENTED_EDGE('',*,*,#909,.F.);
#426=ORIENTED_EDGE('',*,*,#910,.F.);
#427=ORIENTED_EDGE('',*,*,#911,.F.);
#428=ORIENTED_EDGE('',*,*,#912,.F.);
#429=ORIENTED_EDGE('',*,*,#913,.T.);
#430=ORIENTED_EDGE('',*,*,#914,.F.);
#431=ORIENTED_EDGE('',*,*,#915,.F.);
#432=ORIENTED_EDGE('',*,*,#916,.F.);
#433=ORIENTED_EDGE('',*,*,#917,.F.);
#434=ORIENTED_EDGE('',*,*,#918,.F.);
#435=ORIENTED_EDGE('',*,*,#919,.T.);
#436=ORIENTED_EDGE('',*,*,#920,.F.);
#437=ORIENTED_EDGE('',*,*,#921,.T.);
#438=ORIENTED_EDGE('',*,*,#922,.T.);
#439=ORIENTED_EDGE('',*,*,#923,.F.);
#440=ORIENTED_EDGE('',*,*,#924,.T.);
#441=ORIENTED_EDGE('',*,*,#925,.F.);
#442=ORIENTED_EDGE('',*,*,#926,.T.);
#443=ORIENTED_EDGE('',*,*,#927,.T.);
#444=ORIENTED_EDGE('',*,*,#928,.F.);
#445=ORIENTED_EDGE('',*,*,#929,.F.);
#446=ORIENTED_EDGE('',*,*,#930,.T.);
#447=ORIENTED_EDGE('',*,*,#931,.T.);
#448=ORIENTED_EDGE('',*,*,#899,.T.);
#449=ORIENTED_EDGE('',*,*,#932,.F.);
#450=ORIENTED_EDGE('',*,*,#933,.T.);
#451=ORIENTED_EDGE('',*,*,#934,.T.);
#452=ORIENTED_EDGE('',*,*,#903,.T.);
#453=ORIENTED_EDGE('',*,*,#935,.F.);
#454=ORIENTED_EDGE('',*,*,#936,.F.);
#455=ORIENTED_EDGE('',*,*,#937,.T.);
#456=ORIENTED_EDGE('',*,*,#938,.T.);
#457=ORIENTED_EDGE('',*,*,#939,.T.);
#458=ORIENTED_EDGE('',*,*,#940,.F.);
#459=ORIENTED_EDGE('',*,*,#939,.F.);
#460=ORIENTED_EDGE('',*,*,#941,.T.);
#461=ORIENTED_EDGE('',*,*,#942,.T.);
#462=ORIENTED_EDGE('',*,*,#868,.T.);
#463=ORIENTED_EDGE('',*,*,#943,.T.);
#464=ORIENTED_EDGE('',*,*,#921,.F.);
#465=ORIENTED_EDGE('',*,*,#944,.F.);
#466=ORIENTED_EDGE('',*,*,#938,.F.);
#467=ORIENTED_EDGE('',*,*,#866,.T.);
#468=ORIENTED_EDGE('',*,*,#945,.T.);
#469=ORIENTED_EDGE('',*,*,#941,.F.);
#470=ORIENTED_EDGE('',*,*,#946,.T.);
#471=ORIENTED_EDGE('',*,*,#843,.T.);
#472=ORIENTED_EDGE('',*,*,#947,.F.);
#473=ORIENTED_EDGE('',*,*,#948,.F.);
#474=ORIENTED_EDGE('',*,*,#949,.T.);
#475=ORIENTED_EDGE('',*,*,#844,.F.);
#476=ORIENTED_EDGE('',*,*,#946,.F.);
#477=ORIENTED_EDGE('',*,*,#950,.T.);
#478=ORIENTED_EDGE('',*,*,#951,.T.);
#479=ORIENTED_EDGE('',*,*,#845,.T.);
#480=ORIENTED_EDGE('',*,*,#949,.F.);
#481=ORIENTED_EDGE('',*,*,#952,.F.);
#482=ORIENTED_EDGE('',*,*,#953,.T.);
#483=ORIENTED_EDGE('',*,*,#846,.F.);
#484=ORIENTED_EDGE('',*,*,#951,.F.);
#485=ORIENTED_EDGE('',*,*,#954,.T.);
#486=ORIENTED_EDGE('',*,*,#955,.T.);
#487=ORIENTED_EDGE('',*,*,#847,.F.);
#488=ORIENTED_EDGE('',*,*,#953,.F.);
#489=ORIENTED_EDGE('',*,*,#956,.T.);
#490=ORIENTED_EDGE('',*,*,#957,.T.);
#491=ORIENTED_EDGE('',*,*,#848,.F.);
#492=ORIENTED_EDGE('',*,*,#955,.F.);
#493=ORIENTED_EDGE('',*,*,#958,.T.);
#494=ORIENTED_EDGE('',*,*,#959,.T.);
#495=ORIENTED_EDGE('',*,*,#849,.F.);
#496=ORIENTED_EDGE('',*,*,#957,.F.);
#497=ORIENTED_EDGE('',*,*,#960,.T.);
#498=ORIENTED_EDGE('',*,*,#961,.F.);
#499=ORIENTED_EDGE('',*,*,#870,.T.);
#500=ORIENTED_EDGE('',*,*,#962,.F.);
#501=ORIENTED_EDGE('',*,*,#871,.T.);
#502=ORIENTED_EDGE('',*,*,#963,.F.);
#503=ORIENTED_EDGE('',*,*,#872,.T.);
#504=ORIENTED_EDGE('',*,*,#964,.F.);
#505=ORIENTED_EDGE('',*,*,#873,.T.);
#506=ORIENTED_EDGE('',*,*,#965,.F.);
#507=ORIENTED_EDGE('',*,*,#874,.T.);
#508=ORIENTED_EDGE('',*,*,#966,.F.);
#509=ORIENTED_EDGE('',*,*,#875,.T.);
#510=ORIENTED_EDGE('',*,*,#967,.F.);
#511=ORIENTED_EDGE('',*,*,#876,.T.);
#512=ORIENTED_EDGE('',*,*,#968,.F.);
#513=ORIENTED_EDGE('',*,*,#877,.T.);
#514=ORIENTED_EDGE('',*,*,#969,.F.);
#515=ORIENTED_EDGE('',*,*,#878,.T.);
#516=ORIENTED_EDGE('',*,*,#970,.F.);
#517=ORIENTED_EDGE('',*,*,#879,.T.);
#518=ORIENTED_EDGE('',*,*,#971,.F.);
#519=ORIENTED_EDGE('',*,*,#880,.T.);
#520=ORIENTED_EDGE('',*,*,#972,.F.);
#521=ORIENTED_EDGE('',*,*,#881,.T.);
#522=ORIENTED_EDGE('',*,*,#973,.F.);
#523=ORIENTED_EDGE('',*,*,#882,.T.);
#524=ORIENTED_EDGE('',*,*,#974,.F.);
#525=ORIENTED_EDGE('',*,*,#883,.T.);
#526=ORIENTED_EDGE('',*,*,#975,.F.);
#527=ORIENTED_EDGE('',*,*,#884,.T.);
#528=ORIENTED_EDGE('',*,*,#976,.F.);
#529=ORIENTED_EDGE('',*,*,#885,.T.);
#530=ORIENTED_EDGE('',*,*,#977,.F.);
#531=ORIENTED_EDGE('',*,*,#886,.T.);
#532=ORIENTED_EDGE('',*,*,#978,.F.);
#533=ORIENTED_EDGE('',*,*,#887,.T.);
#534=ORIENTED_EDGE('',*,*,#979,.F.);
#535=ORIENTED_EDGE('',*,*,#888,.T.);
#536=ORIENTED_EDGE('',*,*,#980,.F.);
#537=ORIENTED_EDGE('',*,*,#889,.T.);
#538=ORIENTED_EDGE('',*,*,#981,.F.);
#539=ORIENTED_EDGE('',*,*,#890,.T.);
#540=ORIENTED_EDGE('',*,*,#982,.F.);
#541=ORIENTED_EDGE('',*,*,#891,.T.);
#542=ORIENTED_EDGE('',*,*,#983,.F.);
#543=ORIENTED_EDGE('',*,*,#892,.T.);
#544=ORIENTED_EDGE('',*,*,#984,.F.);
#545=ORIENTED_EDGE('',*,*,#893,.T.);
#546=ORIENTED_EDGE('',*,*,#985,.F.);
#547=ORIENTED_EDGE('',*,*,#894,.T.);
#548=ORIENTED_EDGE('',*,*,#986,.F.);
#549=ORIENTED_EDGE('',*,*,#895,.T.);
#550=ORIENTED_EDGE('',*,*,#987,.F.);
#551=ORIENTED_EDGE('',*,*,#896,.T.);
#552=ORIENTED_EDGE('',*,*,#988,.F.);
#553=ORIENTED_EDGE('',*,*,#897,.T.);
#554=ORIENTED_EDGE('',*,*,#989,.F.);
#555=ORIENTED_EDGE('',*,*,#898,.T.);
#556=ORIENTED_EDGE('',*,*,#947,.T.);
#557=ORIENTED_EDGE('',*,*,#850,.F.);
#558=ORIENTED_EDGE('',*,*,#959,.F.);
#559=ORIENTED_EDGE('',*,*,#990,.T.);
#560=ORIENTED_EDGE('',*,*,#991,.F.);
#561=ORIENTED_EDGE('',*,*,#869,.T.);
#562=ORIENTED_EDGE('',*,*,#992,.F.);
#563=ORIENTED_EDGE('',*,*,#993,.F.);
#564=ORIENTED_EDGE('',*,*,#994,.F.);
#565=ORIENTED_EDGE('',*,*,#995,.F.);
#566=ORIENTED_EDGE('',*,*,#948,.T.);
#567=ORIENTED_EDGE('',*,*,#990,.F.);
#568=ORIENTED_EDGE('',*,*,#960,.F.);
#569=ORIENTED_EDGE('',*,*,#958,.F.);
#570=ORIENTED_EDGE('',*,*,#956,.F.);
#571=ORIENTED_EDGE('',*,*,#954,.F.);
#572=ORIENTED_EDGE('',*,*,#952,.T.);
#573=ORIENTED_EDGE('',*,*,#950,.F.);
#574=ORIENTED_EDGE('',*,*,#989,.T.);
#575=ORIENTED_EDGE('',*,*,#988,.T.);
#576=ORIENTED_EDGE('',*,*,#987,.T.);
#577=ORIENTED_EDGE('',*,*,#986,.T.);
#578=ORIENTED_EDGE('',*,*,#985,.T.);
#579=ORIENTED_EDGE('',*,*,#984,.T.);
#580=ORIENTED_EDGE('',*,*,#983,.T.);
#581=ORIENTED_EDGE('',*,*,#982,.T.);
#582=ORIENTED_EDGE('',*,*,#981,.T.);
#583=ORIENTED_EDGE('',*,*,#980,.T.);
#584=ORIENTED_EDGE('',*,*,#979,.T.);
#585=ORIENTED_EDGE('',*,*,#978,.T.);
#586=ORIENTED_EDGE('',*,*,#977,.T.);
#587=ORIENTED_EDGE('',*,*,#976,.T.);
#588=ORIENTED_EDGE('',*,*,#975,.T.);
#589=ORIENTED_EDGE('',*,*,#974,.T.);
#590=ORIENTED_EDGE('',*,*,#973,.T.);
#591=ORIENTED_EDGE('',*,*,#972,.T.);
#592=ORIENTED_EDGE('',*,*,#971,.T.);
#593=ORIENTED_EDGE('',*,*,#970,.T.);
#594=ORIENTED_EDGE('',*,*,#969,.T.);
#595=ORIENTED_EDGE('',*,*,#968,.T.);
#596=ORIENTED_EDGE('',*,*,#967,.T.);
#597=ORIENTED_EDGE('',*,*,#966,.T.);
#598=ORIENTED_EDGE('',*,*,#965,.T.);
#599=ORIENTED_EDGE('',*,*,#964,.T.);
#600=ORIENTED_EDGE('',*,*,#963,.T.);
#601=ORIENTED_EDGE('',*,*,#962,.T.);
#602=ORIENTED_EDGE('',*,*,#961,.T.);
#603=ORIENTED_EDGE('',*,*,#991,.T.);
#604=ORIENTED_EDGE('',*,*,#996,.F.);
#605=ORIENTED_EDGE('',*,*,#864,.T.);
#606=ORIENTED_EDGE('',*,*,#997,.T.);
#607=ORIENTED_EDGE('',*,*,#913,.F.);
#608=ORIENTED_EDGE('',*,*,#920,.T.);
#609=ORIENTED_EDGE('',*,*,#998,.F.);
#610=ORIENTED_EDGE('',*,*,#851,.F.);
#611=ORIENTED_EDGE('',*,*,#944,.T.);
#612=ORIENTED_EDGE('',*,*,#919,.F.);
#613=ORIENTED_EDGE('',*,*,#999,.F.);
#614=ORIENTED_EDGE('',*,*,#1000,.F.);
#615=ORIENTED_EDGE('',*,*,#1001,.T.);
#616=ORIENTED_EDGE('',*,*,#1002,.T.);
#617=ORIENTED_EDGE('',*,*,#998,.T.);
#618=ORIENTED_EDGE('',*,*,#918,.T.);
#619=ORIENTED_EDGE('',*,*,#1003,.F.);
#620=ORIENTED_EDGE('',*,*,#855,.F.);
#621=ORIENTED_EDGE('',*,*,#999,.T.);
#622=ORIENTED_EDGE('',*,*,#917,.T.);
#623=ORIENTED_EDGE('',*,*,#1004,.F.);
#624=ORIENTED_EDGE('',*,*,#1005,.F.);
#625=ORIENTED_EDGE('',*,*,#1006,.F.);
#626=ORIENTED_EDGE('',*,*,#1007,.T.);
#627=ORIENTED_EDGE('',*,*,#1003,.T.);
#628=ORIENTED_EDGE('',*,*,#916,.T.);
#629=ORIENTED_EDGE('',*,*,#1008,.F.);
#630=ORIENTED_EDGE('',*,*,#859,.F.);
#631=ORIENTED_EDGE('',*,*,#1004,.T.);
#632=ORIENTED_EDGE('',*,*,#915,.T.);
#633=ORIENTED_EDGE('',*,*,#1009,.F.);
#634=ORIENTED_EDGE('',*,*,#1010,.F.);
#635=ORIENTED_EDGE('',*,*,#1011,.F.);
#636=ORIENTED_EDGE('',*,*,#1012,.T.);
#637=ORIENTED_EDGE('',*,*,#1008,.T.);
#638=ORIENTED_EDGE('',*,*,#914,.T.);
#639=ORIENTED_EDGE('',*,*,#997,.F.);
#640=ORIENTED_EDGE('',*,*,#863,.F.);
#641=ORIENTED_EDGE('',*,*,#1009,.T.);
#642=ORIENTED_EDGE('',*,*,#1013,.T.);
#643=ORIENTED_EDGE('',*,*,#865,.T.);
#644=ORIENTED_EDGE('',*,*,#1014,.F.);
#645=ORIENTED_EDGE('',*,*,#1015,.F.);
#646=ORIENTED_EDGE('',*,*,#1016,.F.);
#647=ORIENTED_EDGE('',*,*,#1017,.F.);
#648=ORIENTED_EDGE('',*,*,#1018,.T.);
#649=ORIENTED_EDGE('',*,*,#942,.F.);
#650=ORIENTED_EDGE('',*,*,#945,.F.);
#651=ORIENTED_EDGE('',*,*,#1013,.F.);
#652=ORIENTED_EDGE('',*,*,#1019,.T.);
#653=ORIENTED_EDGE('',*,*,#1020,.T.);
#654=ORIENTED_EDGE('',*,*,#905,.F.);
#655=ORIENTED_EDGE('',*,*,#1021,.F.);
#656=ORIENTED_EDGE('',*,*,#1022,.F.);
#657=ORIENTED_EDGE('',*,*,#1023,.T.);
#658=ORIENTED_EDGE('',*,*,#901,.F.);
#659=ORIENTED_EDGE('',*,*,#912,.T.);
#660=ORIENTED_EDGE('',*,*,#1024,.F.);
#661=ORIENTED_EDGE('',*,*,#1025,.F.);
#662=ORIENTED_EDGE('',*,*,#1014,.T.);
#663=ORIENTED_EDGE('',*,*,#996,.T.);
#664=ORIENTED_EDGE('',*,*,#911,.T.);
#665=ORIENTED_EDGE('',*,*,#1026,.F.);
#666=ORIENTED_EDGE('',*,*,#1027,.F.);
#667=ORIENTED_EDGE('',*,*,#1024,.T.);
#668=ORIENTED_EDGE('',*,*,#910,.T.);
#669=ORIENTED_EDGE('',*,*,#1028,.F.);
#670=ORIENTED_EDGE('',*,*,#1029,.F.);
#671=ORIENTED_EDGE('',*,*,#1026,.T.);
#672=ORIENTED_EDGE('',*,*,#909,.T.);
#673=ORIENTED_EDGE('',*,*,#1030,.F.);
#674=ORIENTED_EDGE('',*,*,#1031,.F.);
#675=ORIENTED_EDGE('',*,*,#1028,.T.);
#676=ORIENTED_EDGE('',*,*,#908,.F.);
#677=ORIENTED_EDGE('',*,*,#1032,.F.);
#678=ORIENTED_EDGE('',*,*,#1033,.T.);
#679=ORIENTED_EDGE('',*,*,#1030,.T.);
#680=ORIENTED_EDGE('',*,*,#907,.T.);
#681=ORIENTED_EDGE('',*,*,#1034,.F.);
#682=ORIENTED_EDGE('',*,*,#1035,.F.);
#683=ORIENTED_EDGE('',*,*,#1032,.T.);
#684=ORIENTED_EDGE('',*,*,#906,.T.);
#685=ORIENTED_EDGE('',*,*,#1020,.F.);
#686=ORIENTED_EDGE('',*,*,#1036,.F.);
#687=ORIENTED_EDGE('',*,*,#1034,.T.);
#688=ORIENTED_EDGE('',*,*,#1037,.T.);
#689=ORIENTED_EDGE('',*,*,#1038,.T.);
#690=ORIENTED_EDGE('',*,*,#1019,.F.);
#691=ORIENTED_EDGE('',*,*,#1015,.T.);
#692=ORIENTED_EDGE('',*,*,#1025,.T.);
#693=ORIENTED_EDGE('',*,*,#1027,.T.);
#694=ORIENTED_EDGE('',*,*,#1029,.T.);
#695=ORIENTED_EDGE('',*,*,#1031,.T.);
#696=ORIENTED_EDGE('',*,*,#1033,.F.);
#697=ORIENTED_EDGE('',*,*,#1035,.T.);
#698=ORIENTED_EDGE('',*,*,#1036,.T.);
#699=ORIENTED_EDGE('',*,*,#1037,.F.);
#700=ORIENTED_EDGE('',*,*,#1038,.F.);
#701=ORIENTED_EDGE('',*,*,#1039,.T.);
#702=ORIENTED_EDGE('',*,*,#867,.T.);
#703=ORIENTED_EDGE('',*,*,#937,.F.);
#704=ORIENTED_EDGE('',*,*,#1040,.F.);
#705=ORIENTED_EDGE('',*,*,#928,.T.);
#706=ORIENTED_EDGE('',*,*,#1041,.F.);
#707=ORIENTED_EDGE('',*,*,#1042,.F.);
#708=ORIENTED_EDGE('',*,*,#935,.T.);
#709=ORIENTED_EDGE('',*,*,#927,.F.);
#710=ORIENTED_EDGE('',*,*,#1043,.F.);
#711=ORIENTED_EDGE('',*,*,#1044,.T.);
#712=ORIENTED_EDGE('',*,*,#1041,.T.);
#713=ORIENTED_EDGE('',*,*,#926,.F.);
#714=ORIENTED_EDGE('',*,*,#1045,.F.);
#715=ORIENTED_EDGE('',*,*,#1046,.T.);
#716=ORIENTED_EDGE('',*,*,#1043,.T.);
#717=ORIENTED_EDGE('',*,*,#925,.T.);
#718=ORIENTED_EDGE('',*,*,#1047,.F.);
#719=ORIENTED_EDGE('',*,*,#1048,.F.);
#720=ORIENTED_EDGE('',*,*,#1045,.T.);
#721=ORIENTED_EDGE('',*,*,#924,.F.);
#722=ORIENTED_EDGE('',*,*,#1049,.F.);
#723=ORIENTED_EDGE('',*,*,#1050,.T.);
#724=ORIENTED_EDGE('',*,*,#1047,.T.);
#725=ORIENTED_EDGE('',*,*,#923,.T.);
#726=ORIENTED_EDGE('',*,*,#1051,.F.);
#727=ORIENTED_EDGE('',*,*,#1052,.F.);
#728=ORIENTED_EDGE('',*,*,#1049,.T.);
#729=ORIENTED_EDGE('',*,*,#922,.F.);
#730=ORIENTED_EDGE('',*,*,#943,.F.);
#731=ORIENTED_EDGE('',*,*,#1039,.F.);
#732=ORIENTED_EDGE('',*,*,#1053,.T.);
#733=ORIENTED_EDGE('',*,*,#1051,.T.);
#734=ORIENTED_EDGE('',*,*,#1054,.T.);
#735=ORIENTED_EDGE('',*,*,#1055,.T.);
#736=ORIENTED_EDGE('',*,*,#1054,.F.);
#737=ORIENTED_EDGE('',*,*,#936,.T.);
#738=ORIENTED_EDGE('',*,*,#1042,.T.);
#739=ORIENTED_EDGE('',*,*,#1044,.F.);
#740=ORIENTED_EDGE('',*,*,#1046,.F.);
#741=ORIENTED_EDGE('',*,*,#1048,.T.);
#742=ORIENTED_EDGE('',*,*,#1050,.F.);
#743=ORIENTED_EDGE('',*,*,#1052,.T.);
#744=ORIENTED_EDGE('',*,*,#1053,.F.);
#745=ORIENTED_EDGE('',*,*,#1040,.T.);
#746=ORIENTED_EDGE('',*,*,#1055,.F.);
#747=ORIENTED_EDGE('',*,*,#902,.T.);
#748=ORIENTED_EDGE('',*,*,#1023,.F.);
#749=ORIENTED_EDGE('',*,*,#1056,.F.);
#750=ORIENTED_EDGE('',*,*,#932,.T.);
#751=ORIENTED_EDGE('',*,*,#904,.F.);
#752=ORIENTED_EDGE('',*,*,#934,.F.);
#753=ORIENTED_EDGE('',*,*,#1057,.T.);
#754=ORIENTED_EDGE('',*,*,#1021,.T.);
#755=ORIENTED_EDGE('',*,*,#933,.F.);
#756=ORIENTED_EDGE('',*,*,#1056,.T.);
#757=ORIENTED_EDGE('',*,*,#1022,.T.);
#758=ORIENTED_EDGE('',*,*,#1057,.F.);
#759=ORIENTED_EDGE('',*,*,#940,.T.);
#760=ORIENTED_EDGE('',*,*,#1018,.F.);
#761=ORIENTED_EDGE('',*,*,#1058,.F.);
#762=ORIENTED_EDGE('',*,*,#929,.T.);
#763=ORIENTED_EDGE('',*,*,#900,.F.);
#764=ORIENTED_EDGE('',*,*,#931,.F.);
#765=ORIENTED_EDGE('',*,*,#1059,.T.);
#766=ORIENTED_EDGE('',*,*,#1016,.T.);
#767=ORIENTED_EDGE('',*,*,#930,.F.);
#768=ORIENTED_EDGE('',*,*,#1058,.T.);
#769=ORIENTED_EDGE('',*,*,#1017,.T.);
#770=ORIENTED_EDGE('',*,*,#1059,.F.);
#771=ORIENTED_EDGE('',*,*,#861,.F.);
#772=ORIENTED_EDGE('',*,*,#1060,.F.);
#773=ORIENTED_EDGE('',*,*,#1061,.T.);
#774=ORIENTED_EDGE('',*,*,#1062,.T.);
#775=ORIENTED_EDGE('',*,*,#860,.T.);
#776=ORIENTED_EDGE('',*,*,#1012,.F.);
#777=ORIENTED_EDGE('',*,*,#1063,.F.);
#778=ORIENTED_EDGE('',*,*,#1060,.T.);
#779=ORIENTED_EDGE('',*,*,#862,.T.);
#780=ORIENTED_EDGE('',*,*,#1062,.F.);
#781=ORIENTED_EDGE('',*,*,#1064,.F.);
#782=ORIENTED_EDGE('',*,*,#1010,.T.);
#783=ORIENTED_EDGE('',*,*,#1061,.F.);
#784=ORIENTED_EDGE('',*,*,#1063,.T.);
#785=ORIENTED_EDGE('',*,*,#1011,.T.);
#786=ORIENTED_EDGE('',*,*,#1064,.T.);
#787=ORIENTED_EDGE('',*,*,#858,.F.);
#788=ORIENTED_EDGE('',*,*,#1065,.F.);
#789=ORIENTED_EDGE('',*,*,#1066,.T.);
#790=ORIENTED_EDGE('',*,*,#1005,.T.);
#791=ORIENTED_EDGE('',*,*,#857,.F.);
#792=ORIENTED_EDGE('',*,*,#1067,.F.);
#793=ORIENTED_EDGE('',*,*,#1068,.T.);
#794=ORIENTED_EDGE('',*,*,#1065,.T.);
#795=ORIENTED_EDGE('',*,*,#856,.F.);
#796=ORIENTED_EDGE('',*,*,#1007,.F.);
#797=ORIENTED_EDGE('',*,*,#1069,.T.);
#798=ORIENTED_EDGE('',*,*,#1067,.T.);
#799=ORIENTED_EDGE('',*,*,#1066,.F.);
#800=ORIENTED_EDGE('',*,*,#1068,.F.);
#801=ORIENTED_EDGE('',*,*,#1069,.F.);
#802=ORIENTED_EDGE('',*,*,#1006,.T.);
#803=ORIENTED_EDGE('',*,*,#852,.F.);
#804=ORIENTED_EDGE('',*,*,#1002,.F.);
#805=ORIENTED_EDGE('',*,*,#1070,.T.);
#806=ORIENTED_EDGE('',*,*,#1071,.T.);
#807=ORIENTED_EDGE('',*,*,#854,.F.);
#808=ORIENTED_EDGE('',*,*,#1072,.F.);
#809=ORIENTED_EDGE('',*,*,#1073,.T.);
#810=ORIENTED_EDGE('',*,*,#1000,.T.);
#811=ORIENTED_EDGE('',*,*,#853,.T.);
#812=ORIENTED_EDGE('',*,*,#1071,.F.);
#813=ORIENTED_EDGE('',*,*,#1074,.F.);
#814=ORIENTED_EDGE('',*,*,#1072,.T.);
#815=ORIENTED_EDGE('',*,*,#1070,.F.);
#816=ORIENTED_EDGE('',*,*,#1001,.F.);
#817=ORIENTED_EDGE('',*,*,#1073,.F.);
#818=ORIENTED_EDGE('',*,*,#1074,.T.);
#819=ORIENTED_EDGE('',*,*,#1075,.F.);
#820=ORIENTED_EDGE('',*,*,#995,.T.);
#821=ORIENTED_EDGE('',*,*,#836,.T.);
#822=ORIENTED_EDGE('',*,*,#1075,.T.);
#823=ORIENTED_EDGE('',*,*,#1076,.F.);
#824=ORIENTED_EDGE('',*,*,#994,.T.);
#825=ORIENTED_EDGE('',*,*,#838,.T.);
#826=ORIENTED_EDGE('',*,*,#1076,.T.);
#827=ORIENTED_EDGE('',*,*,#1077,.F.);
#828=ORIENTED_EDGE('',*,*,#993,.T.);
#829=ORIENTED_EDGE('',*,*,#840,.T.);
#830=ORIENTED_EDGE('',*,*,#1077,.T.);
#831=ORIENTED_EDGE('',*,*,#1078,.F.);
#832=ORIENTED_EDGE('',*,*,#992,.T.);
#833=ORIENTED_EDGE('',*,*,#842,.T.);
#834=ORIENTED_EDGE('',*,*,#1078,.T.);
#835=EDGE_CURVE('',#1079,#1079,#1265,.T.);
#836=EDGE_CURVE('',#1080,#1080,#1266,.T.);
#837=EDGE_CURVE('',#1081,#1081,#1267,.T.);
#838=EDGE_CURVE('',#1082,#1082,#1268,.T.);
#839=EDGE_CURVE('',#1083,#1083,#1269,.T.);
#840=EDGE_CURVE('',#1084,#1084,#1270,.T.);
#841=EDGE_CURVE('',#1085,#1085,#1271,.T.);
#842=EDGE_CURVE('',#1086,#1086,#1272,.T.);
#843=EDGE_CURVE('',#1087,#1088,#12,.T.);
#844=EDGE_CURVE('',#1087,#1089,#1273,.T.);
#845=EDGE_CURVE('',#1090,#1089,#13,.T.);
#846=EDGE_CURVE('',#1090,#1091,#1274,.T.);
#847=EDGE_CURVE('',#1091,#1092,#14,.T.);
#848=EDGE_CURVE('',#1092,#1093,#1275,.T.);
#849=EDGE_CURVE('',#1093,#1094,#15,.T.);
#850=EDGE_CURVE('',#1094,#1088,#1276,.T.);
#851=EDGE_CURVE('',#1095,#1096,#1277,.T.);
#852=EDGE_CURVE('',#1096,#1097,#16,.T.);
#853=EDGE_CURVE('',#1098,#1097,#17,.T.);
#854=EDGE_CURVE('',#1098,#1099,#18,.T.);
#855=EDGE_CURVE('',#1099,#1100,#1278,.T.);
#856=EDGE_CURVE('',#1100,#1101,#19,.T.);
#857=EDGE_CURVE('',#1101,#1102,#20,.T.);
#858=EDGE_CURVE('',#1102,#1103,#21,.T.);
#859=EDGE_CURVE('',#1103,#1104,#1279,.T.);
#860=EDGE_CURVE('',#1105,#1104,#22,.T.);
#861=EDGE_CURVE('',#1105,#1106,#23,.T.);
#862=EDGE_CURVE('',#1107,#1106,#24,.T.);
#863=EDGE_CURVE('',#1107,#1108,#1280,.T.);
#864=EDGE_CURVE('',#1109,#1108,#25,.T.);
#865=EDGE_CURVE('',#1110,#1109,#26,.T.);
#866=EDGE_CURVE('',#1111,#1110,#27,.T.);
#867=EDGE_CURVE('',#1112,#1111,#28,.T.);
#868=EDGE_CURVE('',#1095,#1112,#29,.T.);
#869=EDGE_CURVE('',#1113,#1113,#1281,.T.);
#870=EDGE_CURVE('',#1114,#1114,#1282,.T.);
#871=EDGE_CURVE('',#1115,#1115,#1283,.T.);
#872=EDGE_CURVE('',#1116,#1116,#1284,.T.);
#873=EDGE_CURVE('',#1117,#1117,#1285,.T.);
#874=EDGE_CURVE('',#1118,#1118,#1286,.T.);
#875=EDGE_CURVE('',#1119,#1119,#1287,.T.);
#876=EDGE_CURVE('',#1120,#1120,#1288,.T.);
#877=EDGE_CURVE('',#1121,#1121,#1289,.T.);
#878=EDGE_CURVE('',#1122,#1122,#1290,.T.);
#879=EDGE_CURVE('',#1123,#1123,#1291,.T.);
#880=EDGE_CURVE('',#1124,#1124,#1292,.T.);
#881=EDGE_CURVE('',#1125,#1125,#1293,.T.);
#882=EDGE_CURVE('',#1126,#1126,#1294,.T.);
#883=EDGE_CURVE('',#1127,#1127,#1295,.T.);
#884=EDGE_CURVE('',#1128,#1128,#1296,.T.);
#885=EDGE_CURVE('',#1129,#1129,#1297,.T.);
#886=EDGE_CURVE('',#1130,#1130,#1298,.T.);
#887=EDGE_CURVE('',#1131,#1131,#1299,.T.);
#888=EDGE_CURVE('',#1132,#1132,#1300,.T.);
#889=EDGE_CURVE('',#1133,#1133,#1301,.T.);
#890=EDGE_CURVE('',#1134,#1134,#1302,.T.);
#891=EDGE_CURVE('',#1135,#1135,#1303,.T.);
#892=EDGE_CURVE('',#1136,#1136,#1304,.T.);
#893=EDGE_CURVE('',#1137,#1137,#1305,.T.);
#894=EDGE_CURVE('',#1138,#1138,#1306,.T.);
#895=EDGE_CURVE('',#1139,#1139,#1307,.T.);
#896=EDGE_CURVE('',#1140,#1140,#1308,.T.);
#897=EDGE_CURVE('',#1141,#1141,#1309,.T.);
#898=EDGE_CURVE('',#1142,#1142,#1310,.T.);
#899=EDGE_CURVE('',#1143,#1144,#30,.T.);
#900=EDGE_CURVE('',#1143,#1145,#31,.T.);
#901=EDGE_CURVE('',#1145,#1146,#32,.T.);
#902=EDGE_CURVE('',#1144,#1146,#33,.T.);
#903=EDGE_CURVE('',#1147,#1148,#34,.T.);
#904=EDGE_CURVE('',#1147,#1149,#35,.T.);
#905=EDGE_CURVE('',#1149,#1150,#36,.T.);
#906=EDGE_CURVE('',#1151,#1150,#37,.T.);
#907=EDGE_CURVE('',#1152,#1151,#38,.T.);
#908=EDGE_CURVE('',#1152,#1153,#39,.T.);
#909=EDGE_CURVE('',#1154,#1153,#1311,.T.);
#910=EDGE_CURVE('',#1155,#1154,#40,.T.);
#911=EDGE_CURVE('',#1156,#1155,#1312,.T.);
#912=EDGE_CURVE('',#1157,#1156,#41,.T.);
#913=EDGE_CURVE('',#1157,#1158,#42,.T.);
#914=EDGE_CURVE('',#1159,#1158,#1313,.T.);
#915=EDGE_CURVE('',#1160,#1159,#43,.T.);
#916=EDGE_CURVE('',#1161,#1160,#1314,.T.);
#917=EDGE_CURVE('',#1162,#1161,#44,.T.);
#918=EDGE_CURVE('',#1163,#1162,#1315,.T.);
#919=EDGE_CURVE('',#1163,#1164,#45,.T.);
#920=EDGE_CURVE('',#1165,#1164,#1316,.T.);
#921=EDGE_CURVE('',#1165,#1166,#46,.T.);
#922=EDGE_CURVE('',#1166,#1167,#47,.T.);
#923=EDGE_CURVE('',#1168,#1167,#1317,.T.);
#924=EDGE_CURVE('',#1168,#1169,#48,.T.);
#925=EDGE_CURVE('',#1170,#1169,#1318,.T.);
#926=EDGE_CURVE('',#1170,#1171,#49,.T.);
#927=EDGE_CURVE('',#1171,#1172,#50,.T.);
#928=EDGE_CURVE('',#1148,#1172,#51,.T.);
#929=EDGE_CURVE('',#1173,#1174,#52,.T.);
#930=EDGE_CURVE('',#1173,#1175,#53,.T.);
#931=EDGE_CURVE('',#1175,#1143,#54,.T.);
#932=EDGE_CURVE('',#1176,#1144,#55,.T.);
#933=EDGE_CURVE('',#1176,#1177,#56,.T.);
#934=EDGE_CURVE('',#1177,#1147,#57,.T.);
#935=EDGE_CURVE('',#1178,#1148,#58,.T.);
#936=EDGE_CURVE('',#1179,#1178,#59,.T.);
#937=EDGE_CURVE('',#1179,#1111,#60,.T.);
#938=EDGE_CURVE('',#1111,#1180,#61,.T.);
#939=EDGE_CURVE('',#1180,#1174,#62,.T.);
#940=EDGE_CURVE('',#1174,#1181,#63,.T.);
#941=EDGE_CURVE('',#1180,#1182,#64,.T.);
#942=EDGE_CURVE('',#1182,#1181,#65,.T.);
#943=EDGE_CURVE('',#1112,#1166,#66,.T.);
#944=EDGE_CURVE('',#1095,#1165,#67,.T.);
#945=EDGE_CURVE('',#1110,#1182,#68,.T.);
#946=EDGE_CURVE('',#1183,#1087,#69,.T.);
#947=EDGE_CURVE('',#1184,#1088,#70,.T.);
#948=EDGE_CURVE('',#1183,#1184,#71,.T.);
#949=EDGE_CURVE('',#1185,#1089,#72,.T.);
#950=EDGE_CURVE('',#1183,#1185,#1319,.T.);
#951=EDGE_CURVE('',#1186,#1090,#73,.T.);
#952=EDGE_CURVE('',#1186,#1185,#74,.T.);
#953=EDGE_CURVE('',#1187,#1091,#75,.T.);
#954=EDGE_CURVE('',#1186,#1187,#1320,.T.);
#955=EDGE_CURVE('',#1188,#1092,#76,.T.);
#956=EDGE_CURVE('',#1187,#1188,#77,.T.);
#957=EDGE_CURVE('',#1189,#1093,#78,.T.);
#958=EDGE_CURVE('',#1188,#1189,#1321,.T.);
#959=EDGE_CURVE('',#1190,#1094,#79,.T.);
#960=EDGE_CURVE('',#1189,#1190,#80,.T.);
#961=EDGE_CURVE('',#1191,#1191,#1322,.T.);
#962=EDGE_CURVE('',#1192,#1192,#1323,.T.);
#963=EDGE_CURVE('',#1193,#1193,#1324,.T.);
#964=EDGE_CURVE('',#1194,#1194,#1325,.T.);
#965=EDGE_CURVE('',#1195,#1195,#1326,.T.);
#966=EDGE_CURVE('',#1196,#1196,#1327,.T.);
#967=EDGE_CURVE('',#1197,#1197,#1328,.T.);
#968=EDGE_CURVE('',#1198,#1198,#1329,.T.);
#969=EDGE_CURVE('',#1199,#1199,#1330,.T.);
#970=EDGE_CURVE('',#1200,#1200,#1331,.T.);
#971=EDGE_CURVE('',#1201,#1201,#1332,.T.);
#972=EDGE_CURVE('',#1202,#1202,#1333,.T.);
#973=EDGE_CURVE('',#1203,#1203,#1334,.T.);
#974=EDGE_CURVE('',#1204,#1204,#1335,.T.);
#975=EDGE_CURVE('',#1205,#1205,#1336,.T.);
#976=EDGE_CURVE('',#1206,#1206,#1337,.T.);
#977=EDGE_CURVE('',#1207,#1207,#1338,.T.);
#978=EDGE_CURVE('',#1208,#1208,#1339,.T.);
#979=EDGE_CURVE('',#1209,#1209,#1340,.T.);
#980=EDGE_CURVE('',#1210,#1210,#1341,.T.);
#981=EDGE_CURVE('',#1211,#1211,#1342,.T.);
#982=EDGE_CURVE('',#1212,#1212,#1343,.T.);
#983=EDGE_CURVE('',#1213,#1213,#1344,.T.);
#984=EDGE_CURVE('',#1214,#1214,#1345,.T.);
#985=EDGE_CURVE('',#1215,#1215,#1346,.T.);
#986=EDGE_CURVE('',#1216,#1216,#1347,.T.);
#987=EDGE_CURVE('',#1217,#1217,#1348,.T.);
#988=EDGE_CURVE('',#1218,#1218,#1349,.T.);
#989=EDGE_CURVE('',#1219,#1219,#1350,.T.);
#990=EDGE_CURVE('',#1190,#1184,#1351,.T.);
#991=EDGE_CURVE('',#1220,#1220,#1352,.T.);
#992=EDGE_CURVE('',#1221,#1221,#1353,.T.);
#993=EDGE_CURVE('',#1222,#1222,#1354,.T.);
#994=EDGE_CURVE('',#1223,#1223,#1355,.T.);
#995=EDGE_CURVE('',#1224,#1224,#1356,.T.);
#996=EDGE_CURVE('',#1109,#1157,#81,.T.);
#997=EDGE_CURVE('',#1108,#1158,#82,.T.);
#998=EDGE_CURVE('',#1096,#1164,#83,.T.);
#999=EDGE_CURVE('',#1099,#1163,#84,.T.);
#1000=EDGE_CURVE('',#1225,#1099,#85,.T.);
#1001=EDGE_CURVE('',#1225,#1226,#86,.T.);
#1002=EDGE_CURVE('',#1226,#1096,#87,.T.);
#1003=EDGE_CURVE('',#1100,#1162,#88,.T.);
#1004=EDGE_CURVE('',#1103,#1161,#89,.T.);
#1005=EDGE_CURVE('',#1227,#1103,#90,.T.);
#1006=EDGE_CURVE('',#1228,#1227,#91,.T.);
#1007=EDGE_CURVE('',#1228,#1100,#92,.T.);
#1008=EDGE_CURVE('',#1104,#1160,#93,.T.);
#1009=EDGE_CURVE('',#1107,#1159,#94,.T.);
#1010=EDGE_CURVE('',#1229,#1107,#95,.T.);
#1011=EDGE_CURVE('',#1230,#1229,#96,.T.);
#1012=EDGE_CURVE('',#1230,#1104,#97,.T.);
#1013=EDGE_CURVE('',#1231,#1110,#98,.T.);
#1014=EDGE_CURVE('',#1232,#1109,#99,.T.);
#1015=EDGE_CURVE('',#1231,#1232,#100,.T.);
#1016=EDGE_CURVE('',#1233,#1145,#101,.T.);
#1017=EDGE_CURVE('',#1234,#1233,#102,.T.);
#1018=EDGE_CURVE('',#1234,#1181,#103,.T.);
#1019=EDGE_CURVE('',#1231,#1235,#104,.T.);
#1020=EDGE_CURVE('',#1235,#1150,#105,.T.);
#1021=EDGE_CURVE('',#1236,#1149,#106,.T.);
#1022=EDGE_CURVE('',#1237,#1236,#107,.T.);
#1023=EDGE_CURVE('',#1237,#1146,#108,.T.);
#1024=EDGE_CURVE('',#1238,#1156,#109,.T.);
#1025=EDGE_CURVE('',#1232,#1238,#110,.T.);
#1026=EDGE_CURVE('',#1239,#1155,#111,.T.);
#1027=EDGE_CURVE('',#1238,#1239,#1357,.T.);
#1028=EDGE_CURVE('',#1240,#1154,#112,.T.);
#1029=EDGE_CURVE('',#1239,#1240,#113,.T.);
#1030=EDGE_CURVE('',#1241,#1153,#114,.T.);
#1031=EDGE_CURVE('',#1240,#1241,#1358,.T.);
#1032=EDGE_CURVE('',#1242,#1152,#115,.T.);
#1033=EDGE_CURVE('',#1242,#1241,#116,.T.);
#1034=EDGE_CURVE('',#1243,#1151,#117,.T.);
#1035=EDGE_CURVE('',#1242,#1243,#118,.T.);
#1036=EDGE_CURVE('',#1243,#1235,#119,.T.);
#1037=EDGE_CURVE('',#1244,#1244,#1359,.T.);
#1038=EDGE_CURVE('',#1245,#1245,#1360,.F.);
#1039=EDGE_CURVE('',#1246,#1112,#120,.T.);
#1040=EDGE_CURVE('',#1246,#1179,#121,.T.);
#1041=EDGE_CURVE('',#1247,#1172,#122,.T.);
#1042=EDGE_CURVE('',#1178,#1247,#123,.T.);
#1043=EDGE_CURVE('',#1248,#1171,#124,.T.);
#1044=EDGE_CURVE('',#1248,#1247,#125,.T.);
#1045=EDGE_CURVE('',#1249,#1170,#126,.T.);
#1046=EDGE_CURVE('',#1249,#1248,#127,.T.);
#1047=EDGE_CURVE('',#1250,#1169,#128,.T.);
#1048=EDGE_CURVE('',#1249,#1250,#1361,.T.);
#1049=EDGE_CURVE('',#1251,#1168,#129,.T.);
#1050=EDGE_CURVE('',#1251,#1250,#130,.T.);
#1051=EDGE_CURVE('',#1252,#1167,#131,.T.);
#1052=EDGE_CURVE('',#1251,#1252,#1362,.T.);
#1053=EDGE_CURVE('',#1246,#1252,#132,.T.);
#1054=EDGE_CURVE('',#1253,#1253,#1363,.T.);
#1055=EDGE_CURVE('',#1254,#1254,#1364,.F.);
#1056=EDGE_CURVE('',#1176,#1237,#133,.T.);
#1057=EDGE_CURVE('',#1177,#1236,#134,.T.);
#1058=EDGE_CURVE('',#1173,#1234,#135,.T.);
#1059=EDGE_CURVE('',#1175,#1233,#136,.T.);
#1060=EDGE_CURVE('',#1255,#1105,#137,.T.);
#1061=EDGE_CURVE('',#1255,#1256,#138,.T.);
#1062=EDGE_CURVE('',#1256,#1106,#139,.T.);
#1063=EDGE_CURVE('',#1255,#1230,#140,.T.);
#1064=EDGE_CURVE('',#1229,#1256,#141,.T.);
#1065=EDGE_CURVE('',#1257,#1102,#142,.T.);
#1066=EDGE_CURVE('',#1257,#1227,#143,.T.);
#1067=EDGE_CURVE('',#1258,#1101,#144,.T.);
#1068=EDGE_CURVE('',#1258,#1257,#145,.T.);
#1069=EDGE_CURVE('',#1228,#1258,#146,.T.);
#1070=EDGE_CURVE('',#1226,#1259,#147,.T.);
#1071=EDGE_CURVE('',#1259,#1097,#148,.T.);
#1072=EDGE_CURVE('',#1260,#1098,#149,.T.);
#1073=EDGE_CURVE('',#1260,#1225,#150,.T.);
#1074=EDGE_CURVE('',#1260,#1259,#151,.T.);
#1075=EDGE_CURVE('',#1261,#1261,#1365,.T.);
#1076=EDGE_CURVE('',#1262,#1262,#1366,.T.);
#1077=EDGE_CURVE('',#1263,#1263,#1367,.T.);
#1078=EDGE_CURVE('',#1264,#1264,#1368,.T.);
#1079=VERTEX_POINT('',#2763);
#1080=VERTEX_POINT('',#2765);
#1081=VERTEX_POINT('',#2768);
#1082=VERTEX_POINT('',#2770);
#1083=VERTEX_POINT('',#2773);
#1084=VERTEX_POINT('',#2775);
#1085=VERTEX_POINT('',#2778);
#1086=VERTEX_POINT('',#2780);
#1087=VERTEX_POINT('',#2783);
#1088=VERTEX_POINT('',#2784);
#1089=VERTEX_POINT('',#2786);
#1090=VERTEX_POINT('',#2788);
#1091=VERTEX_POINT('',#2790);
#1092=VERTEX_POINT('',#2792);
#1093=VERTEX_POINT('',#2794);
#1094=VERTEX_POINT('',#2796);
#1095=VERTEX_POINT('',#2799);
#1096=VERTEX_POINT('',#2800);
#1097=VERTEX_POINT('',#2802);
#1098=VERTEX_POINT('',#2804);
#1099=VERTEX_POINT('',#2806);
#1100=VERTEX_POINT('',#2808);
#1101=VERTEX_POINT('',#2810);
#1102=VERTEX_POINT('',#2812);
#1103=VERTEX_POINT('',#2814);
#1104=VERTEX_POINT('',#2816);
#1105=VERTEX_POINT('',#2818);
#1106=VERTEX_POINT('',#2820);
#1107=VERTEX_POINT('',#2822);
#1108=VERTEX_POINT('',#2824);
#1109=VERTEX_POINT('',#2826);
#1110=VERTEX_POINT('',#2828);
#1111=VERTEX_POINT('',#2830);
#1112=VERTEX_POINT('',#2832);
#1113=VERTEX_POINT('',#2836);
#1114=VERTEX_POINT('',#2838);
#1115=VERTEX_POINT('',#2840);
#1116=VERTEX_POINT('',#2842);
#1117=VERTEX_POINT('',#2844);
#1118=VERTEX_POINT('',#2846);
#1119=VERTEX_POINT('',#2848);
#1120=VERTEX_POINT('',#2850);
#1121=VERTEX_POINT('',#2852);
#1122=VERTEX_POINT('',#2854);
#1123=VERTEX_POINT('',#2856);
#1124=VERTEX_POINT('',#2858);
#1125=VERTEX_POINT('',#2860);
#1126=VERTEX_POINT('',#2862);
#1127=VERTEX_POINT('',#2864);
#1128=VERTEX_POINT('',#2866);
#1129=VERTEX_POINT('',#2868);
#1130=VERTEX_POINT('',#2870);
#1131=VERTEX_POINT('',#2872);
#1132=VERTEX_POINT('',#2874);
#1133=VERTEX_POINT('',#2876);
#1134=VERTEX_POINT('',#2878);
#1135=VERTEX_POINT('',#2880);
#1136=VERTEX_POINT('',#2882);
#1137=VERTEX_POINT('',#2884);
#1138=VERTEX_POINT('',#2886);
#1139=VERTEX_POINT('',#2888);
#1140=VERTEX_POINT('',#2890);
#1141=VERTEX_POINT('',#2892);
#1142=VERTEX_POINT('',#2894);
#1143=VERTEX_POINT('',#2896);
#1144=VERTEX_POINT('',#2897);
#1145=VERTEX_POINT('',#2899);
#1146=VERTEX_POINT('',#2901);
#1147=VERTEX_POINT('',#2905);
#1148=VERTEX_POINT('',#2906);
#1149=VERTEX_POINT('',#2908);
#1150=VERTEX_POINT('',#2910);
#1151=VERTEX_POINT('',#2912);
#1152=VERTEX_POINT('',#2914);
#1153=VERTEX_POINT('',#2916);
#1154=VERTEX_POINT('',#2918);
#1155=VERTEX_POINT('',#2920);
#1156=VERTEX_POINT('',#2922);
#1157=VERTEX_POINT('',#2924);
#1158=VERTEX_POINT('',#2926);
#1159=VERTEX_POINT('',#2928);
#1160=VERTEX_POINT('',#2930);
#1161=VERTEX_POINT('',#2932);
#1162=VERTEX_POINT('',#2934);
#1163=VERTEX_POINT('',#2936);
#1164=VERTEX_POINT('',#2938);
#1165=VERTEX_POINT('',#2940);
#1166=VERTEX_POINT('',#2942);
#1167=VERTEX_POINT('',#2944);
#1168=VERTEX_POINT('',#2946);
#1169=VERTEX_POINT('',#2948);
#1170=VERTEX_POINT('',#2950);
#1171=VERTEX_POINT('',#2952);
#1172=VERTEX_POINT('',#2954);
#1173=VERTEX_POINT('',#2958);
#1174=VERTEX_POINT('',#2959);
#1175=VERTEX_POINT('',#2961);
#1176=VERTEX_POINT('',#2964);
#1177=VERTEX_POINT('',#2966);
#1178=VERTEX_POINT('',#2969);
#1179=VERTEX_POINT('',#2971);
#1180=VERTEX_POINT('',#2974);
#1181=VERTEX_POINT('',#2978);
#1182=VERTEX_POINT('',#2980);
#1183=VERTEX_POINT('',#2989);
#1184=VERTEX_POINT('',#2991);
#1185=VERTEX_POINT('',#2995);
#1186=VERTEX_POINT('',#2999);
#1187=VERTEX_POINT('',#3003);
#1188=VERTEX_POINT('',#3007);
#1189=VERTEX_POINT('',#3011);
#1190=VERTEX_POINT('',#3015);
#1191=VERTEX_POINT('',#3019);
#1192=VERTEX_POINT('',#3022);
#1193=VERTEX_POINT('',#3025);
#1194=VERTEX_POINT('',#3028);
#1195=VERTEX_POINT('',#3031);
#1196=VERTEX_POINT('',#3034);
#1197=VERTEX_POINT('',#3037);
#1198=VERTEX_POINT('',#3040);
#1199=VERTEX_POINT('',#3043);
#1200=VERTEX_POINT('',#3046);
#1201=VERTEX_POINT('',#3049);
#1202=VERTEX_POINT('',#3052);
#1203=VERTEX_POINT('',#3055);
#1204=VERTEX_POINT('',#3058);
#1205=VERTEX_POINT('',#3061);
#1206=VERTEX_POINT('',#3064);
#1207=VERTEX_POINT('',#3067);
#1208=VERTEX_POINT('',#3070);
#1209=VERTEX_POINT('',#3073);
#1210=VERTEX_POINT('',#3076);
#1211=VERTEX_POINT('',#3079);
#1212=VERTEX_POINT('',#3082);
#1213=VERTEX_POINT('',#3085);
#1214=VERTEX_POINT('',#3088);
#1215=VERTEX_POINT('',#3091);
#1216=VERTEX_POINT('',#3094);
#1217=VERTEX_POINT('',#3097);
#1218=VERTEX_POINT('',#3100);
#1219=VERTEX_POINT('',#3103);
#1220=VERTEX_POINT('',#3108);
#1221=VERTEX_POINT('',#3111);
#1222=VERTEX_POINT('',#3113);
#1223=VERTEX_POINT('',#3115);
#1224=VERTEX_POINT('',#3117);
#1225=VERTEX_POINT('',#3126);
#1226=VERTEX_POINT('',#3128);
#1227=VERTEX_POINT('',#3135);
#1228=VERTEX_POINT('',#3137);
#1229=VERTEX_POINT('',#3144);
#1230=VERTEX_POINT('',#3146);
#1231=VERTEX_POINT('',#3151);
#1232=VERTEX_POINT('',#3153);
#1233=VERTEX_POINT('',#3157);
#1234=VERTEX_POINT('',#3159);
#1235=VERTEX_POINT('',#3162);
#1236=VERTEX_POINT('',#3165);
#1237=VERTEX_POINT('',#3167);
#1238=VERTEX_POINT('',#3171);
#1239=VERTEX_POINT('',#3175);
#1240=VERTEX_POINT('',#3179);
#1241=VERTEX_POINT('',#3183);
#1242=VERTEX_POINT('',#3187);
#1243=VERTEX_POINT('',#3191);
#1244=VERTEX_POINT('',#3197);
#1245=VERTEX_POINT('',#3199);
#1246=VERTEX_POINT('',#3204);
#1247=VERTEX_POINT('',#3208);
#1248=VERTEX_POINT('',#3212);
#1249=VERTEX_POINT('',#3216);
#1250=VERTEX_POINT('',#3220);
#1251=VERTEX_POINT('',#3224);
#1252=VERTEX_POINT('',#3228);
#1253=VERTEX_POINT('',#3234);
#1254=VERTEX_POINT('',#3236);
#1255=VERTEX_POINT('',#3251);
#1256=VERTEX_POINT('',#3253);
#1257=VERTEX_POINT('',#3262);
#1258=VERTEX_POINT('',#3266);
#1259=VERTEX_POINT('',#3273);
#1260=VERTEX_POINT('',#3277);
#1261=VERTEX_POINT('',#3284);
#1262=VERTEX_POINT('',#3288);
#1263=VERTEX_POINT('',#3292);
#1264=VERTEX_POINT('',#3296);
#1265=CIRCLE('',#1986,0.001);
#1266=CIRCLE('',#1987,0.001);
#1267=CIRCLE('',#1989,0.00100000000000001);
#1268=CIRCLE('',#1990,0.00100000000000001);
#1269=CIRCLE('',#1992,0.001);
#1270=CIRCLE('',#1993,0.001);
#1271=CIRCLE('',#1995,0.001);
#1272=CIRCLE('',#1996,0.001);
#1273=CIRCLE('',#1998,0.001);
#1274=CIRCLE('',#1999,0.001);
#1275=CIRCLE('',#2000,0.001);
#1276=CIRCLE('',#2001,0.001);
#1277=CIRCLE('',#2002,0.002);
#1278=CIRCLE('',#2003,0.002);
#1279=CIRCLE('',#2004,0.002);
#1280=CIRCLE('',#2005,0.002);
#1281=CIRCLE('',#2007,0.001);
#1282=CIRCLE('',#2008,0.001);
#1283=CIRCLE('',#2009,0.001);
#1284=CIRCLE('',#2010,0.001);
#1285=CIRCLE('',#2011,0.001);
#1286=CIRCLE('',#2012,0.001);
#1287=CIRCLE('',#2013,0.001);
#1288=CIRCLE('',#2014,0.001);
#1289=CIRCLE('',#2015,0.001);
#1290=CIRCLE('',#2016,0.001);
#1291=CIRCLE('',#2017,0.001);
#1292=CIRCLE('',#2018,0.001);
#1293=CIRCLE('',#2019,0.001);
#1294=CIRCLE('',#2020,0.001);
#1295=CIRCLE('',#2021,0.001);
#1296=CIRCLE('',#2022,0.001);
#1297=CIRCLE('',#2023,0.001);
#1298=CIRCLE('',#2024,0.001);
#1299=CIRCLE('',#2025,0.001);
#1300=CIRCLE('',#2026,0.001);
#1301=CIRCLE('',#2027,0.001);
#1302=CIRCLE('',#2028,0.001);
#1303=CIRCLE('',#2029,0.001);
#1304=CIRCLE('',#2030,0.001);
#1305=CIRCLE('',#2031,0.001);
#1306=CIRCLE('',#2032,0.001);
#1307=CIRCLE('',#2033,0.001);
#1308=CIRCLE('',#2034,0.001);
#1309=CIRCLE('',#2035,0.001);
#1310=CIRCLE('',#2036,0.001);
#1311=CIRCLE('',#2038,0.001);
#1312=CIRCLE('',#2039,0.002);
#1313=CIRCLE('',#2040,0.002);
#1314=CIRCLE('',#2041,0.002);
#1315=CIRCLE('',#2042,0.002);
#1316=CIRCLE('',#2043,0.002);
#1317=CIRCLE('',#2044,0.002);
#1318=CIRCLE('',#2045,0.001);
#1319=CIRCLE('',#2052,0.001);
#1320=CIRCLE('',#2055,0.001);
#1321=CIRCLE('',#2058,0.001);
#1322=CIRCLE('',#2061,0.001);
#1323=CIRCLE('',#2063,0.001);
#1324=CIRCLE('',#2065,0.001);
#1325=CIRCLE('',#2067,0.001);
#1326=CIRCLE('',#2069,0.001);
#1327=CIRCLE('',#2071,0.001);
#1328=CIRCLE('',#2073,0.001);
#1329=CIRCLE('',#2075,0.001);
#1330=CIRCLE('',#2077,0.001);
#1331=CIRCLE('',#2079,0.001);
#1332=CIRCLE('',#2081,0.001);
#1333=CIRCLE('',#2083,0.001);
#1334=CIRCLE('',#2085,0.001);
#1335=CIRCLE('',#2087,0.001);
#1336=CIRCLE('',#2089,0.001);
#1337=CIRCLE('',#2091,0.001);
#1338=CIRCLE('',#2093,0.001);
#1339=CIRCLE('',#2095,0.001);
#1340=CIRCLE('',#2097,0.001);
#1341=CIRCLE('',#2099,0.001);
#1342=CIRCLE('',#2101,0.001);
#1343=CIRCLE('',#2103,0.001);
#1344=CIRCLE('',#2105,0.001);
#1345=CIRCLE('',#2107,0.001);
#1346=CIRCLE('',#2109,0.001);
#1347=CIRCLE('',#2111,0.001);
#1348=CIRCLE('',#2113,0.001);
#1349=CIRCLE('',#2115,0.001);
#1350=CIRCLE('',#2117,0.001);
#1351=CIRCLE('',#2119,0.001);
#1352=CIRCLE('',#2121,0.001);
#1353=CIRCLE('',#2123,0.002);
#1354=CIRCLE('',#2124,0.002);
#1355=CIRCLE('',#2125,0.002);
#1356=CIRCLE('',#2126,0.002);
#1357=CIRCLE('',#2139,0.002);
#1358=CIRCLE('',#2142,0.001);
#1359=CIRCLE('',#2147,0.001);
#1360=CIRCLE('',#2148,0.001);
#1361=CIRCLE('',#2156,0.001);
#1362=CIRCLE('',#2159,0.002);
#1363=CIRCLE('',#2162,0.001);
#1364=CIRCLE('',#2163,0.001);
#1365=CIRCLE('',#2185,0.002);
#1366=CIRCLE('',#2188,0.002);
#1367=CIRCLE('',#2191,0.002);
#1368=CIRCLE('',#2194,0.002);
#1369=EDGE_LOOP('',(#347));
#1370=EDGE_LOOP('',(#348));
#1371=EDGE_LOOP('',(#349));
#1372=EDGE_LOOP('',(#350));
#1373=EDGE_LOOP('',(#351));
#1374=EDGE_LOOP('',(#352));
#1375=EDGE_LOOP('',(#353));
#1376=EDGE_LOOP('',(#354));
#1377=EDGE_LOOP('',(#355));
#1378=EDGE_LOOP('',(#356));
#1379=EDGE_LOOP('',(#357));
#1380=EDGE_LOOP('',(#358));
#1381=EDGE_LOOP('',(#359,#360,#361,#362,#363,#364,#365,#366));
#1382=EDGE_LOOP('',(#367,#368,#369,#370,#371,#372,#373,#374,#375,#376,#377,
#378,#379,#380,#381,#382,#383,#384));
#1383=EDGE_LOOP('',(#385));
#1384=EDGE_LOOP('',(#386));
#1385=EDGE_LOOP('',(#387));
#1386=EDGE_LOOP('',(#388));
#1387=EDGE_LOOP('',(#389));
#1388=EDGE_LOOP('',(#390));
#1389=EDGE_LOOP('',(#391));
#1390=EDGE_LOOP('',(#392));
#1391=EDGE_LOOP('',(#393));
#1392=EDGE_LOOP('',(#394));
#1393=EDGE_LOOP('',(#395));
#1394=EDGE_LOOP('',(#396));
#1395=EDGE_LOOP('',(#397));
#1396=EDGE_LOOP('',(#398));
#1397=EDGE_LOOP('',(#399));
#1398=EDGE_LOOP('',(#400));
#1399=EDGE_LOOP('',(#401));
#1400=EDGE_LOOP('',(#402));
#1401=EDGE_LOOP('',(#403));
#1402=EDGE_LOOP('',(#404));
#1403=EDGE_LOOP('',(#405));
#1404=EDGE_LOOP('',(#406));
#1405=EDGE_LOOP('',(#407));
#1406=EDGE_LOOP('',(#408));
#1407=EDGE_LOOP('',(#409));
#1408=EDGE_LOOP('',(#410));
#1409=EDGE_LOOP('',(#411));
#1410=EDGE_LOOP('',(#412));
#1411=EDGE_LOOP('',(#413));
#1412=EDGE_LOOP('',(#414));
#1413=EDGE_LOOP('',(#415,#416,#417,#418));
#1414=EDGE_LOOP('',(#419,#420,#421,#422,#423,#424,#425,#426,#427,#428,#429,
#430,#431,#432,#433,#434,#435,#436,#437,#438,#439,#440,#441,#442,#443,#444));
#1415=EDGE_LOOP('',(#445,#446,#447,#448,#449,#450,#451,#452,#453,#454,#455,
#456,#457));
#1416=EDGE_LOOP('',(#458,#459,#460,#461));
#1417=EDGE_LOOP('',(#462,#463,#464,#465));
#1418=EDGE_LOOP('',(#466,#467,#468,#469));
#1419=EDGE_LOOP('',(#470,#471,#472,#473));
#1420=EDGE_LOOP('',(#474,#475,#476,#477));
#1421=EDGE_LOOP('',(#478,#479,#480,#481));
#1422=EDGE_LOOP('',(#482,#483,#484,#485));
#1423=EDGE_LOOP('',(#486,#487,#488,#489));
#1424=EDGE_LOOP('',(#490,#491,#492,#493));
#1425=EDGE_LOOP('',(#494,#495,#496,#497));
#1426=EDGE_LOOP('',(#498));
#1427=EDGE_LOOP('',(#499));
#1428=EDGE_LOOP('',(#500));
#1429=EDGE_LOOP('',(#501));
#1430=EDGE_LOOP('',(#502));
#1431=EDGE_LOOP('',(#503));
#1432=EDGE_LOOP('',(#504));
#1433=EDGE_LOOP('',(#505));
#1434=EDGE_LOOP('',(#506));
#1435=EDGE_LOOP('',(#507));
#1436=EDGE_LOOP('',(#508));
#1437=EDGE_LOOP('',(#509));
#1438=EDGE_LOOP('',(#510));
#1439=EDGE_LOOP('',(#511));
#1440=EDGE_LOOP('',(#512));
#1441=EDGE_LOOP('',(#513));
#1442=EDGE_LOOP('',(#514));
#1443=EDGE_LOOP('',(#515));
#1444=EDGE_LOOP('',(#516));
#1445=EDGE_LOOP('',(#517));
#1446=EDGE_LOOP('',(#518));
#1447=EDGE_LOOP('',(#519));
#1448=EDGE_LOOP('',(#520));
#1449=EDGE_LOOP('',(#521));
#1450=EDGE_LOOP('',(#522));
#1451=EDGE_LOOP('',(#523));
#1452=EDGE_LOOP('',(#524));
#1453=EDGE_LOOP('',(#525));
#1454=EDGE_LOOP('',(#526));
#1455=EDGE_LOOP('',(#527));
#1456=EDGE_LOOP('',(#528));
#1457=EDGE_LOOP('',(#529));
#1458=EDGE_LOOP('',(#530));
#1459=EDGE_LOOP('',(#531));
#1460=EDGE_LOOP('',(#532));
#1461=EDGE_LOOP('',(#533));
#1462=EDGE_LOOP('',(#534));
#1463=EDGE_LOOP('',(#535));
#1464=EDGE_LOOP('',(#536));
#1465=EDGE_LOOP('',(#537));
#1466=EDGE_LOOP('',(#538));
#1467=EDGE_LOOP('',(#539));
#1468=EDGE_LOOP('',(#540));
#1469=EDGE_LOOP('',(#541));
#1470=EDGE_LOOP('',(#542));
#1471=EDGE_LOOP('',(#543));
#1472=EDGE_LOOP('',(#544));
#1473=EDGE_LOOP('',(#545));
#1474=EDGE_LOOP('',(#546));
#1475=EDGE_LOOP('',(#547));
#1476=EDGE_LOOP('',(#548));
#1477=EDGE_LOOP('',(#549));
#1478=EDGE_LOOP('',(#550));
#1479=EDGE_LOOP('',(#551));
#1480=EDGE_LOOP('',(#552));
#1481=EDGE_LOOP('',(#553));
#1482=EDGE_LOOP('',(#554));
#1483=EDGE_LOOP('',(#555));
#1484=EDGE_LOOP('',(#556,#557,#558,#559));
#1485=EDGE_LOOP('',(#560));
#1486=EDGE_LOOP('',(#561));
#1487=EDGE_LOOP('',(#562));
#1488=EDGE_LOOP('',(#563));
#1489=EDGE_LOOP('',(#564));
#1490=EDGE_LOOP('',(#565));
#1491=EDGE_LOOP('',(#566,#567,#568,#569,#570,#571,#572,#573));
#1492=EDGE_LOOP('',(#574));
#1493=EDGE_LOOP('',(#575));
#1494=EDGE_LOOP('',(#576));
#1495=EDGE_LOOP('',(#577));
#1496=EDGE_LOOP('',(#578));
#1497=EDGE_LOOP('',(#579));
#1498=EDGE_LOOP('',(#580));
#1499=EDGE_LOOP('',(#581));
#1500=EDGE_LOOP('',(#582));
#1501=EDGE_LOOP('',(#583));
#1502=EDGE_LOOP('',(#584));
#1503=EDGE_LOOP('',(#585));
#1504=EDGE_LOOP('',(#586));
#1505=EDGE_LOOP('',(#587));
#1506=EDGE_LOOP('',(#588));
#1507=EDGE_LOOP('',(#589));
#1508=EDGE_LOOP('',(#590));
#1509=EDGE_LOOP('',(#591));
#1510=EDGE_LOOP('',(#592));
#1511=EDGE_LOOP('',(#593));
#1512=EDGE_LOOP('',(#594));
#1513=EDGE_LOOP('',(#595));
#1514=EDGE_LOOP('',(#596));
#1515=EDGE_LOOP('',(#597));
#1516=EDGE_LOOP('',(#598));
#1517=EDGE_LOOP('',(#599));
#1518=EDGE_LOOP('',(#600));
#1519=EDGE_LOOP('',(#601));
#1520=EDGE_LOOP('',(#602));
#1521=EDGE_LOOP('',(#603));
#1522=EDGE_LOOP('',(#604,#605,#606,#607));
#1523=EDGE_LOOP('',(#608,#609,#610,#611));
#1524=EDGE_LOOP('',(#612,#613,#614,#615,#616,#617));
#1525=EDGE_LOOP('',(#618,#619,#620,#621));
#1526=EDGE_LOOP('',(#622,#623,#624,#625,#626,#627));
#1527=EDGE_LOOP('',(#628,#629,#630,#631));
#1528=EDGE_LOOP('',(#632,#633,#634,#635,#636,#637));
#1529=EDGE_LOOP('',(#638,#639,#640,#641));
#1530=EDGE_LOOP('',(#642,#643,#644,#645));
#1531=EDGE_LOOP('',(#646,#647,#648,#649,#650,#651,#652,#653,#654,#655,#656,
#657,#658));
#1532=EDGE_LOOP('',(#659,#660,#661,#662,#663));
#1533=EDGE_LOOP('',(#664,#665,#666,#667));
#1534=EDGE_LOOP('',(#668,#669,#670,#671));
#1535=EDGE_LOOP('',(#672,#673,#674,#675));
#1536=EDGE_LOOP('',(#676,#677,#678,#679));
#1537=EDGE_LOOP('',(#680,#681,#682,#683));
#1538=EDGE_LOOP('',(#684,#685,#686,#687));
#1539=EDGE_LOOP('',(#688));
#1540=EDGE_LOOP('',(#689));
#1541=EDGE_LOOP('',(#690,#691,#692,#693,#694,#695,#696,#697,#698));
#1542=EDGE_LOOP('',(#699));
#1543=EDGE_LOOP('',(#700));
#1544=EDGE_LOOP('',(#701,#702,#703,#704));
#1545=EDGE_LOOP('',(#705,#706,#707,#708));
#1546=EDGE_LOOP('',(#709,#710,#711,#712));
#1547=EDGE_LOOP('',(#713,#714,#715,#716));
#1548=EDGE_LOOP('',(#717,#718,#719,#720));
#1549=EDGE_LOOP('',(#721,#722,#723,#724));
#1550=EDGE_LOOP('',(#725,#726,#727,#728));
#1551=EDGE_LOOP('',(#729,#730,#731,#732,#733));
#1552=EDGE_LOOP('',(#734));
#1553=EDGE_LOOP('',(#735));
#1554=EDGE_LOOP('',(#736));
#1555=EDGE_LOOP('',(#737,#738,#739,#740,#741,#742,#743,#744,#745));
#1556=EDGE_LOOP('',(#746));
#1557=EDGE_LOOP('',(#747,#748,#749,#750));
#1558=EDGE_LOOP('',(#751,#752,#753,#754));
#1559=EDGE_LOOP('',(#755,#756,#757,#758));
#1560=EDGE_LOOP('',(#759,#760,#761,#762));
#1561=EDGE_LOOP('',(#763,#764,#765,#766));
#1562=EDGE_LOOP('',(#767,#768,#769,#770));
#1563=EDGE_LOOP('',(#771,#772,#773,#774));
#1564=EDGE_LOOP('',(#775,#776,#777,#778));
#1565=EDGE_LOOP('',(#779,#780,#781,#782));
#1566=EDGE_LOOP('',(#783,#784,#785,#786));
#1567=EDGE_LOOP('',(#787,#788,#789,#790));
#1568=EDGE_LOOP('',(#791,#792,#793,#794));
#1569=EDGE_LOOP('',(#795,#796,#797,#798));
#1570=EDGE_LOOP('',(#799,#800,#801,#802));
#1571=EDGE_LOOP('',(#803,#804,#805,#806));
#1572=EDGE_LOOP('',(#807,#808,#809,#810));
#1573=EDGE_LOOP('',(#811,#812,#813,#814));
#1574=EDGE_LOOP('',(#815,#816,#817,#818));
#1575=EDGE_LOOP('',(#819));
#1576=EDGE_LOOP('',(#820));
#1577=EDGE_LOOP('',(#821));
#1578=EDGE_LOOP('',(#822));
#1579=EDGE_LOOP('',(#823));
#1580=EDGE_LOOP('',(#824));
#1581=EDGE_LOOP('',(#825));
#1582=EDGE_LOOP('',(#826));
#1583=EDGE_LOOP('',(#827));
#1584=EDGE_LOOP('',(#828));
#1585=EDGE_LOOP('',(#829));
#1586=EDGE_LOOP('',(#830));
#1587=EDGE_LOOP('',(#831));
#1588=EDGE_LOOP('',(#832));
#1589=EDGE_LOOP('',(#833));
#1590=EDGE_LOOP('',(#834));
#1591=FACE_BOUND('',#1369,.T.);
#1592=FACE_BOUND('',#1370,.T.);
#1593=FACE_BOUND('',#1371,.T.);
#1594=FACE_BOUND('',#1372,.T.);
#1595=FACE_BOUND('',#1373,.T.);
#1596=FACE_BOUND('',#1374,.T.);
#1597=FACE_BOUND('',#1375,.T.);
#1598=FACE_BOUND('',#1376,.T.);
#1599=FACE_BOUND('',#1377,.T.);
#1600=FACE_BOUND('',#1378,.T.);
#1601=FACE_BOUND('',#1379,.T.);
#1602=FACE_BOUND('',#1380,.T.);
#1603=FACE_BOUND('',#1381,.T.);
#1604=FACE_BOUND('',#1382,.T.);
#1605=FACE_BOUND('',#1383,.T.);
#1606=FACE_BOUND('',#1384,.T.);
#1607=FACE_BOUND('',#1385,.T.);
#1608=FACE_BOUND('',#1386,.T.);
#1609=FACE_BOUND('',#1387,.T.);
#1610=FACE_BOUND('',#1388,.T.);
#1611=FACE_BOUND('',#1389,.T.);
#1612=FACE_BOUND('',#1390,.T.);
#1613=FACE_BOUND('',#1391,.T.);
#1614=FACE_BOUND('',#1392,.T.);
#1615=FACE_BOUND('',#1393,.T.);
#1616=FACE_BOUND('',#1394,.T.);
#1617=FACE_BOUND('',#1395,.T.);
#1618=FACE_BOUND('',#1396,.T.);
#1619=FACE_BOUND('',#1397,.T.);
#1620=FACE_BOUND('',#1398,.T.);
#1621=FACE_BOUND('',#1399,.T.);
#1622=FACE_BOUND('',#1400,.T.);
#1623=FACE_BOUND('',#1401,.T.);
#1624=FACE_BOUND('',#1402,.T.);
#1625=FACE_BOUND('',#1403,.T.);
#1626=FACE_BOUND('',#1404,.T.);
#1627=FACE_BOUND('',#1405,.T.);
#1628=FACE_BOUND('',#1406,.T.);
#1629=FACE_BOUND('',#1407,.T.);
#1630=FACE_BOUND('',#1408,.T.);
#1631=FACE_BOUND('',#1409,.T.);
#1632=FACE_BOUND('',#1410,.T.);
#1633=FACE_BOUND('',#1411,.T.);
#1634=FACE_BOUND('',#1412,.T.);
#1635=FACE_BOUND('',#1413,.T.);
#1636=FACE_BOUND('',#1414,.T.);
#1637=FACE_BOUND('',#1415,.T.);
#1638=FACE_BOUND('',#1416,.T.);
#1639=FACE_BOUND('',#1417,.T.);
#1640=FACE_BOUND('',#1418,.T.);
#1641=FACE_BOUND('',#1419,.T.);
#1642=FACE_BOUND('',#1420,.T.);
#1643=FACE_BOUND('',#1421,.T.);
#1644=FACE_BOUND('',#1422,.T.);
#1645=FACE_BOUND('',#1423,.T.);
#1646=FACE_BOUND('',#1424,.T.);
#1647=FACE_BOUND('',#1425,.T.);
#1648=FACE_BOUND('',#1426,.T.);
#1649=FACE_BOUND('',#1427,.T.);
#1650=FACE_BOUND('',#1428,.T.);
#1651=FACE_BOUND('',#1429,.T.);
#1652=FACE_BOUND('',#1430,.T.);
#1653=FACE_BOUND('',#1431,.T.);
#1654=FACE_BOUND('',#1432,.T.);
#1655=FACE_BOUND('',#1433,.T.);
#1656=FACE_BOUND('',#1434,.T.);
#1657=FACE_BOUND('',#1435,.T.);
#1658=FACE_BOUND('',#1436,.T.);
#1659=FACE_BOUND('',#1437,.T.);
#1660=FACE_BOUND('',#1438,.T.);
#1661=FACE_BOUND('',#1439,.T.);
#1662=FACE_BOUND('',#1440,.T.);
#1663=FACE_BOUND('',#1441,.T.);
#1664=FACE_BOUND('',#1442,.T.);
#1665=FACE_BOUND('',#1443,.T.);
#1666=FACE_BOUND('',#1444,.T.);
#1667=FACE_BOUND('',#1445,.T.);
#1668=FACE_BOUND('',#1446,.T.);
#1669=FACE_BOUND('',#1447,.T.);
#1670=FACE_BOUND('',#1448,.T.);
#1671=FACE_BOUND('',#1449,.T.);
#1672=FACE_BOUND('',#1450,.T.);
#1673=FACE_BOUND('',#1451,.T.);
#1674=FACE_BOUND('',#1452,.T.);
#1675=FACE_BOUND('',#1453,.T.);
#1676=FACE_BOUND('',#1454,.T.);
#1677=FACE_BOUND('',#1455,.T.);
#1678=FACE_BOUND('',#1456,.T.);
#1679=FACE_BOUND('',#1457,.T.);
#1680=FACE_BOUND('',#1458,.T.);
#1681=FACE_BOUND('',#1459,.T.);
#1682=FACE_BOUND('',#1460,.T.);
#1683=FACE_BOUND('',#1461,.T.);
#1684=FACE_BOUND('',#1462,.T.);
#1685=FACE_BOUND('',#1463,.T.);
#1686=FACE_BOUND('',#1464,.T.);
#1687=FACE_BOUND('',#1465,.T.);
#1688=FACE_BOUND('',#1466,.T.);
#1689=FACE_BOUND('',#1467,.T.);
#1690=FACE_BOUND('',#1468,.T.);
#1691=FACE_BOUND('',#1469,.T.);
#1692=FACE_BOUND('',#1470,.T.);
#1693=FACE_BOUND('',#1471,.T.);
#1694=FACE_BOUND('',#1472,.T.);
#1695=FACE_BOUND('',#1473,.T.);
#1696=FACE_BOUND('',#1474,.T.);
#1697=FACE_BOUND('',#1475,.T.);
#1698=FACE_BOUND('',#1476,.T.);
#1699=FACE_BOUND('',#1477,.T.);
#1700=FACE_BOUND('',#1478,.T.);
#1701=FACE_BOUND('',#1479,.T.);
#1702=FACE_BOUND('',#1480,.T.);
#1703=FACE_BOUND('',#1481,.T.);
#1704=FACE_BOUND('',#1482,.T.);
#1705=FACE_BOUND('',#1483,.T.);
#1706=FACE_BOUND('',#1484,.T.);
#1707=FACE_BOUND('',#1485,.T.);
#1708=FACE_BOUND('',#1486,.T.);
#1709=FACE_BOUND('',#1487,.T.);
#1710=FACE_BOUND('',#1488,.T.);
#1711=FACE_BOUND('',#1489,.T.);
#1712=FACE_BOUND('',#1490,.T.);
#1713=FACE_BOUND('',#1491,.T.);
#1714=FACE_BOUND('',#1492,.T.);
#1715=FACE_BOUND('',#1493,.T.);
#1716=FACE_BOUND('',#1494,.T.);
#1717=FACE_BOUND('',#1495,.T.);
#1718=FACE_BOUND('',#1496,.T.);
#1719=FACE_BOUND('',#1497,.T.);
#1720=FACE_BOUND('',#1498,.T.);
#1721=FACE_BOUND('',#1499,.T.);
#1722=FACE_BOUND('',#1500,.T.);
#1723=FACE_BOUND('',#1501,.T.);
#1724=FACE_BOUND('',#1502,.T.);
#1725=FACE_BOUND('',#1503,.T.);
#1726=FACE_BOUND('',#1504,.T.);
#1727=FACE_BOUND('',#1505,.T.);
#1728=FACE_BOUND('',#1506,.T.);
#1729=FACE_BOUND('',#1507,.T.);
#1730=FACE_BOUND('',#1508,.T.);
#1731=FACE_BOUND('',#1509,.T.);
#1732=FACE_BOUND('',#1510,.T.);
#1733=FACE_BOUND('',#1511,.T.);
#1734=FACE_BOUND('',#1512,.T.);
#1735=FACE_BOUND('',#1513,.T.);
#1736=FACE_BOUND('',#1514,.T.);
#1737=FACE_BOUND('',#1515,.T.);
#1738=FACE_BOUND('',#1516,.T.);
#1739=FACE_BOUND('',#1517,.T.);
#1740=FACE_BOUND('',#1518,.T.);
#1741=FACE_BOUND('',#1519,.T.);
#1742=FACE_BOUND('',#1520,.T.);
#1743=FACE_BOUND('',#1521,.T.);
#1744=FACE_BOUND('',#1522,.T.);
#1745=FACE_BOUND('',#1523,.T.);
#1746=FACE_BOUND('',#1524,.T.);
#1747=FACE_BOUND('',#1525,.T.);
#1748=FACE_BOUND('',#1526,.T.);
#1749=FACE_BOUND('',#1527,.T.);
#1750=FACE_BOUND('',#1528,.T.);
#1751=FACE_BOUND('',#1529,.T.);
#1752=FACE_BOUND('',#1530,.T.);
#1753=FACE_BOUND('',#1531,.T.);
#1754=FACE_BOUND('',#1532,.T.);
#1755=FACE_BOUND('',#1533,.T.);
#1756=FACE_BOUND('',#1534,.T.);
#1757=FACE_BOUND('',#1535,.T.);
#1758=FACE_BOUND('',#1536,.T.);
#1759=FACE_BOUND('',#1537,.T.);
#1760=FACE_BOUND('',#1538,.T.);
#1761=FACE_BOUND('',#1539,.T.);
#1762=FACE_BOUND('',#1540,.T.);
#1763=FACE_BOUND('',#1541,.T.);
#1764=FACE_BOUND('',#1542,.T.);
#1765=FACE_BOUND('',#1543,.T.);
#1766=FACE_BOUND('',#1544,.T.);
#1767=FACE_BOUND('',#1545,.T.);
#1768=FACE_BOUND('',#1546,.T.);
#1769=FACE_BOUND('',#1547,.T.);
#1770=FACE_BOUND('',#1548,.T.);
#1771=FACE_BOUND('',#1549,.T.);
#1772=FACE_BOUND('',#1550,.T.);
#1773=FACE_BOUND('',#1551,.T.);
#1774=FACE_BOUND('',#1552,.T.);
#1775=FACE_BOUND('',#1553,.T.);
#1776=FACE_BOUND('',#1554,.T.);
#1777=FACE_BOUND('',#1555,.T.);
#1778=FACE_BOUND('',#1556,.T.);
#1779=FACE_BOUND('',#1557,.T.);
#1780=FACE_BOUND('',#1558,.T.);
#1781=FACE_BOUND('',#1559,.T.);
#1782=FACE_BOUND('',#1560,.T.);
#1783=FACE_BOUND('',#1561,.T.);
#1784=FACE_BOUND('',#1562,.T.);
#1785=FACE_BOUND('',#1563,.T.);
#1786=FACE_BOUND('',#1564,.T.);
#1787=FACE_BOUND('',#1565,.T.);
#1788=FACE_BOUND('',#1566,.T.);
#1789=FACE_BOUND('',#1567,.T.);
#1790=FACE_BOUND('',#1568,.T.);
#1791=FACE_BOUND('',#1569,.T.);
#1792=FACE_BOUND('',#1570,.T.);
#1793=FACE_BOUND('',#1571,.T.);
#1794=FACE_BOUND('',#1572,.T.);
#1795=FACE_BOUND('',#1573,.T.);
#1796=FACE_BOUND('',#1574,.T.);
#1797=FACE_BOUND('',#1575,.T.);
#1798=FACE_BOUND('',#1576,.T.);
#1799=FACE_BOUND('',#1577,.T.);
#1800=FACE_BOUND('',#1578,.T.);
#1801=FACE_BOUND('',#1579,.T.);
#1802=FACE_BOUND('',#1580,.T.);
#1803=FACE_BOUND('',#1581,.T.);
#1804=FACE_BOUND('',#1582,.T.);
#1805=FACE_BOUND('',#1583,.T.);
#1806=FACE_BOUND('',#1584,.T.);
#1807=FACE_BOUND('',#1585,.T.);
#1808=FACE_BOUND('',#1586,.T.);
#1809=FACE_BOUND('',#1587,.T.);
#1810=FACE_BOUND('',#1588,.T.);
#1811=FACE_BOUND('',#1589,.T.);
#1812=FACE_BOUND('',#1590,.T.);
#1813=CYLINDRICAL_SURFACE('',#1985,0.001);
#1814=CYLINDRICAL_SURFACE('',#1988,0.00100000000000001);
#1815=CYLINDRICAL_SURFACE('',#1991,0.001);
#1816=CYLINDRICAL_SURFACE('',#1994,0.001);
#1817=CYLINDRICAL_SURFACE('',#2051,0.001);
#1818=CYLINDRICAL_SURFACE('',#2054,0.001);
#1819=CYLINDRICAL_SURFACE('',#2057,0.001);
#1820=CYLINDRICAL_SURFACE('',#2060,0.001);
#1821=CYLINDRICAL_SURFACE('',#2062,0.001);
#1822=CYLINDRICAL_SURFACE('',#2064,0.001);
#1823=CYLINDRICAL_SURFACE('',#2066,0.001);
#1824=CYLINDRICAL_SURFACE('',#2068,0.001);
#1825=CYLINDRICAL_SURFACE('',#2070,0.001);
#1826=CYLINDRICAL_SURFACE('',#2072,0.001);
#1827=CYLINDRICAL_SURFACE('',#2074,0.001);
#1828=CYLINDRICAL_SURFACE('',#2076,0.001);
#1829=CYLINDRICAL_SURFACE('',#2078,0.001);
#1830=CYLINDRICAL_SURFACE('',#2080,0.001);
#1831=CYLINDRICAL_SURFACE('',#2082,0.001);
#1832=CYLINDRICAL_SURFACE('',#2084,0.001);
#1833=CYLINDRICAL_SURFACE('',#2086,0.001);
#1834=CYLINDRICAL_SURFACE('',#2088,0.001);
#1835=CYLINDRICAL_SURFACE('',#2090,0.001);
#1836=CYLINDRICAL_SURFACE('',#2092,0.001);
#1837=CYLINDRICAL_SURFACE('',#2094,0.001);
#1838=CYLINDRICAL_SURFACE('',#2096,0.001);
#1839=CYLINDRICAL_SURFACE('',#2098,0.001);
#1840=CYLINDRICAL_SURFACE('',#2100,0.001);
#1841=CYLINDRICAL_SURFACE('',#2102,0.001);
#1842=CYLINDRICAL_SURFACE('',#2104,0.001);
#1843=CYLINDRICAL_SURFACE('',#2106,0.001);
#1844=CYLINDRICAL_SURFACE('',#2108,0.001);
#1845=CYLINDRICAL_SURFACE('',#2110,0.001);
#1846=CYLINDRICAL_SURFACE('',#2112,0.001);
#1847=CYLINDRICAL_SURFACE('',#2114,0.001);
#1848=CYLINDRICAL_SURFACE('',#2116,0.001);
#1849=CYLINDRICAL_SURFACE('',#2118,0.001);
#1850=CYLINDRICAL_SURFACE('',#2120,0.001);
#1851=CYLINDRICAL_SURFACE('',#2128,0.002);
#1852=CYLINDRICAL_SURFACE('',#2130,0.002);
#1853=CYLINDRICAL_SURFACE('',#2132,0.002);
#1854=CYLINDRICAL_SURFACE('',#2134,0.002);
#1855=CYLINDRICAL_SURFACE('',#2138,0.002);
#1856=CYLINDRICAL_SURFACE('',#2141,0.001);
#1857=CYLINDRICAL_SURFACE('',#2146,0.001);
#1858=CYLINDRICAL_SURFACE('',#2155,0.001);
#1859=CYLINDRICAL_SURFACE('',#2158,0.002);
#1860=CYLINDRICAL_SURFACE('',#2161,0.001);
#1861=CYLINDRICAL_SURFACE('',#2184,0.002);
#1862=CYLINDRICAL_SURFACE('',#2187,0.002);
#1863=CYLINDRICAL_SURFACE('',#2190,0.002);
#1864=CYLINDRICAL_SURFACE('',#2193,0.002);
#1865=ADVANCED_FACE('',(#1591,#1592),#1813,.F.);
#1866=ADVANCED_FACE('',(#1593,#1594),#1814,.F.);
#1867=ADVANCED_FACE('',(#1595,#1596),#1815,.F.);
#1868=ADVANCED_FACE('',(#1597,#1598),#1816,.F.);
#1869=ADVANCED_FACE('',(#1599,#1600,#1601,#1602,#1603,#1604),#292,.T.);
#1870=ADVANCED_FACE('',(#1605,#1606,#1607,#1608,#1609,#1610,#1611,#1612,
#1613,#1614,#1615,#1616,#1617,#1618,#1619,#1620,#1621,#1622,#1623,#1624,
#1625,#1626,#1627,#1628,#1629,#1630,#1631,#1632,#1633,#1634,#1635),#293,
 .T.);
#1871=ADVANCED_FACE('',(#1636),#294,.T.);
#1872=ADVANCED_FACE('',(#1637),#295,.F.);
#1873=ADVANCED_FACE('',(#1638),#296,.T.);
#1874=ADVANCED_FACE('',(#1639),#297,.T.);
#1875=ADVANCED_FACE('',(#1640),#298,.T.);
#1876=ADVANCED_FACE('',(#1641),#299,.F.);
#1877=ADVANCED_FACE('',(#1642),#1817,.T.);
#1878=ADVANCED_FACE('',(#1643),#300,.F.);
#1879=ADVANCED_FACE('',(#1644),#1818,.T.);
#1880=ADVANCED_FACE('',(#1645),#301,.T.);
#1881=ADVANCED_FACE('',(#1646),#1819,.T.);
#1882=ADVANCED_FACE('',(#1647),#302,.T.);
#1883=ADVANCED_FACE('',(#1648,#1649),#1820,.F.);
#1884=ADVANCED_FACE('',(#1650,#1651),#1821,.F.);
#1885=ADVANCED_FACE('',(#1652,#1653),#1822,.F.);
#1886=ADVANCED_FACE('',(#1654,#1655),#1823,.F.);
#1887=ADVANCED_FACE('',(#1656,#1657),#1824,.F.);
#1888=ADVANCED_FACE('',(#1658,#1659),#1825,.F.);
#1889=ADVANCED_FACE('',(#1660,#1661),#1826,.F.);
#1890=ADVANCED_FACE('',(#1662,#1663),#1827,.F.);
#1891=ADVANCED_FACE('',(#1664,#1665),#1828,.F.);
#1892=ADVANCED_FACE('',(#1666,#1667),#1829,.F.);
#1893=ADVANCED_FACE('',(#1668,#1669),#1830,.F.);
#1894=ADVANCED_FACE('',(#1670,#1671),#1831,.F.);
#1895=ADVANCED_FACE('',(#1672,#1673),#1832,.F.);
#1896=ADVANCED_FACE('',(#1674,#1675),#1833,.F.);
#1897=ADVANCED_FACE('',(#1676,#1677),#1834,.F.);
#1898=ADVANCED_FACE('',(#1678,#1679),#1835,.F.);
#1899=ADVANCED_FACE('',(#1680,#1681),#1836,.F.);
#1900=ADVANCED_FACE('',(#1682,#1683),#1837,.F.);
#1901=ADVANCED_FACE('',(#1684,#1685),#1838,.F.);
#1902=ADVANCED_FACE('',(#1686,#1687),#1839,.F.);
#1903=ADVANCED_FACE('',(#1688,#1689),#1840,.F.);
#1904=ADVANCED_FACE('',(#1690,#1691),#1841,.F.);
#1905=ADVANCED_FACE('',(#1692,#1693),#1842,.F.);
#1906=ADVANCED_FACE('',(#1694,#1695),#1843,.F.);
#1907=ADVANCED_FACE('',(#1696,#1697),#1844,.F.);
#1908=ADVANCED_FACE('',(#1698,#1699),#1845,.F.);
#1909=ADVANCED_FACE('',(#1700,#1701),#1846,.F.);
#1910=ADVANCED_FACE('',(#1702,#1703),#1847,.F.);
#1911=ADVANCED_FACE('',(#1704,#1705),#1848,.F.);
#1912=ADVANCED_FACE('',(#1706),#1849,.T.);
#1913=ADVANCED_FACE('',(#1707,#1708),#1850,.F.);
#1914=ADVANCED_FACE('',(#1709,#1710,#1711,#1712,#1713,#1714,#1715,#1716,
#1717,#1718,#1719,#1720,#1721,#1722,#1723,#1724,#1725,#1726,#1727,#1728,
#1729,#1730,#1731,#1732,#1733,#1734,#1735,#1736,#1737,#1738,#1739,#1740,
#1741,#1742,#1743),#303,.F.);
#1915=ADVANCED_FACE('',(#1744),#304,.T.);
#1916=ADVANCED_FACE('',(#1745),#1851,.T.);
#1917=ADVANCED_FACE('',(#1746),#305,.T.);
#1918=ADVANCED_FACE('',(#1747),#1852,.T.);
#1919=ADVANCED_FACE('',(#1748),#306,.F.);
#1920=ADVANCED_FACE('',(#1749),#1853,.T.);
#1921=ADVANCED_FACE('',(#1750),#307,.F.);
#1922=ADVANCED_FACE('',(#1751),#1854,.T.);
#1923=ADVANCED_FACE('',(#1752),#308,.F.);
#1924=ADVANCED_FACE('',(#1753),#309,.T.);
#1925=ADVANCED_FACE('',(#1754),#310,.F.);
#1926=ADVANCED_FACE('',(#1755),#1855,.T.);
#1927=ADVANCED_FACE('',(#1756),#311,.F.);
#1928=ADVANCED_FACE('',(#1757),#1856,.T.);
#1929=ADVANCED_FACE('',(#1758),#312,.T.);
#1930=ADVANCED_FACE('',(#1759),#313,.F.);
#1931=ADVANCED_FACE('',(#1760),#314,.F.);
#1932=ADVANCED_FACE('',(#1761,#1762),#1857,.F.);
#1933=ADVANCED_FACE('',(#1763,#1764),#315,.T.);
#1934=ADVANCED_FACE('',(#1765),#316,.T.);
#1935=ADVANCED_FACE('',(#1766),#317,.F.);
#1936=ADVANCED_FACE('',(#1767),#318,.F.);
#1937=ADVANCED_FACE('',(#1768),#319,.T.);
#1938=ADVANCED_FACE('',(#1769),#320,.T.);
#1939=ADVANCED_FACE('',(#1770),#1858,.T.);
#1940=ADVANCED_FACE('',(#1771),#321,.T.);
#1941=ADVANCED_FACE('',(#1772),#1859,.T.);
#1942=ADVANCED_FACE('',(#1773),#322,.T.);
#1943=ADVANCED_FACE('',(#1774,#1775),#1860,.F.);
#1944=ADVANCED_FACE('',(#1776,#1777),#323,.T.);
#1945=ADVANCED_FACE('',(#1778),#324,.T.);
#1946=ADVANCED_FACE('',(#1779),#325,.F.);
#1947=ADVANCED_FACE('',(#1780),#326,.T.);
#1948=ADVANCED_FACE('',(#1781),#327,.T.);
#1949=ADVANCED_FACE('',(#1782),#328,.F.);
#1950=ADVANCED_FACE('',(#1783),#329,.T.);
#1951=ADVANCED_FACE('',(#1784),#330,.T.);
#1952=ADVANCED_FACE('',(#1785),#331,.T.);
#1953=ADVANCED_FACE('',(#1786),#332,.F.);
#1954=ADVANCED_FACE('',(#1787),#333,.F.);
#1955=ADVANCED_FACE('',(#1788),#334,.T.);
#1956=ADVANCED_FACE('',(#1789),#335,.T.);
#1957=ADVANCED_FACE('',(#1790),#336,.T.);
#1958=ADVANCED_FACE('',(#1791),#337,.T.);
#1959=ADVANCED_FACE('',(#1792),#338,.T.);
#1960=ADVANCED_FACE('',(#1793),#339,.T.);
#1961=ADVANCED_FACE('',(#1794),#340,.T.);
#1962=ADVANCED_FACE('',(#1795),#341,.F.);
#1963=ADVANCED_FACE('',(#1796),#342,.T.);
#1964=ADVANCED_FACE('',(#1797,#1798),#1861,.F.);
#1965=ADVANCED_FACE('',(#1799,#1800),#343,.T.);
#1966=ADVANCED_FACE('',(#1801,#1802),#1862,.F.);
#1967=ADVANCED_FACE('',(#1803,#1804),#344,.T.);
#1968=ADVANCED_FACE('',(#1805,#1806),#1863,.F.);
#1969=ADVANCED_FACE('',(#1807,#1808),#345,.T.);
#1970=ADVANCED_FACE('',(#1809,#1810),#1864,.F.);
#1971=ADVANCED_FACE('',(#1811,#1812),#346,.T.);
#1972=CLOSED_SHELL('',(#1865,#1866,#1867,#1868,#1869,#1870,#1871,#1872,
#1873,#1874,#1875,#1876,#1877,#1878,#1879,#1880,#1881,#1882,#1883,#1884,
#1885,#1886,#1887,#1888,#1889,#1890,#1891,#1892,#1893,#1894,#1895,#1896,
#1897,#1898,#1899,#1900,#1901,#1902,#1903,#1904,#1905,#1906,#1907,#1908,
#1909,#1910,#1911,#1912,#1913,#1914,#1915,#1916,#1917,#1918,#1919,#1920,
#1921,#1922,#1923,#1924,#1925,#1926,#1927,#1928,#1929,#1930,#1931,#1932,
#1933,#1934,#1935,#1936,#1937,#1938,#1939,#1940,#1941,#1942,#1943,#1944,
#1945,#1946,#1947,#1948,#1949,#1950,#1951,#1952,#1953,#1954,#1955,#1956,
#1957,#1958,#1959,#1960,#1961,#1962,#1963,#1964,#1965,#1966,#1967,#1968,
#1969,#1970,#1971));
#1973=STYLED_ITEM('',(#1974),#1981);
#1974=PRESENTATION_STYLE_ASSIGNMENT((#1975));
#1975=SURFACE_STYLE_USAGE(.BOTH.,#1976);
#1976=SURFACE_SIDE_STYLE('',(#1977));
#1977=SURFACE_STYLE_FILL_AREA(#1978);
#1978=FILL_AREA_STYLE('',(#1979));
#1979=FILL_AREA_STYLE_COLOUR('',#1980);
#1980=COLOUR_RGB('',0.615686274509804,0.811764705882353,0.929411764705882);
#1981=MANIFOLD_SOLID_BREP('Part 1',#1972);
#1982=SHAPE_DEFINITION_REPRESENTATION(#3304,#1983);
#1983=SHAPE_REPRESENTATION('Part 1',(#1984),#3299);
#1984=AXIS2_PLACEMENT_3D('',#2760,#2196,#2197);
#1985=AXIS2_PLACEMENT_3D('',#2761,#2198,#2199);
#1986=AXIS2_PLACEMENT_3D('',#2762,#2200,#2201);
#1987=AXIS2_PLACEMENT_3D('',#2764,#2202,#2203);
#1988=AXIS2_PLACEMENT_3D('',#2766,#2204,#2205);
#1989=AXIS2_PLACEMENT_3D('',#2767,#2206,#2207);
#1990=AXIS2_PLACEMENT_3D('',#2769,#2208,#2209);
#1991=AXIS2_PLACEMENT_3D('',#2771,#2210,#2211);
#1992=AXIS2_PLACEMENT_3D('',#2772,#2212,#2213);
#1993=AXIS2_PLACEMENT_3D('',#2774,#2214,#2215);
#1994=AXIS2_PLACEMENT_3D('',#2776,#2216,#2217);
#1995=AXIS2_PLACEMENT_3D('',#2777,#2218,#2219);
#1996=AXIS2_PLACEMENT_3D('',#2779,#2220,#2221);
#1997=AXIS2_PLACEMENT_3D('',#2781,#2222,#2223);
#1998=AXIS2_PLACEMENT_3D('',#2785,#2225,#2226);
#1999=AXIS2_PLACEMENT_3D('',#2789,#2228,#2229);
#2000=AXIS2_PLACEMENT_3D('',#2793,#2231,#2232);
#2001=AXIS2_PLACEMENT_3D('',#2797,#2234,#2235);
#2002=AXIS2_PLACEMENT_3D('',#2798,#2236,#2237);
#2003=AXIS2_PLACEMENT_3D('',#2807,#2241,#2242);
#2004=AXIS2_PLACEMENT_3D('',#2815,#2246,#2247);
#2005=AXIS2_PLACEMENT_3D('',#2823,#2251,#2252);
#2006=AXIS2_PLACEMENT_3D('',#2834,#2258,#2259);
#2007=AXIS2_PLACEMENT_3D('',#2835,#2260,#2261);
#2008=AXIS2_PLACEMENT_3D('',#2837,#2262,#2263);
#2009=AXIS2_PLACEMENT_3D('',#2839,#2264,#2265);
#2010=AXIS2_PLACEMENT_3D('',#2841,#2266,#2267);
#2011=AXIS2_PLACEMENT_3D('',#2843,#2268,#2269);
#2012=AXIS2_PLACEMENT_3D('',#2845,#2270,#2271);
#2013=AXIS2_PLACEMENT_3D('',#2847,#2272,#2273);
#2014=AXIS2_PLACEMENT_3D('',#2849,#2274,#2275);
#2015=AXIS2_PLACEMENT_3D('',#2851,#2276,#2277);
#2016=AXIS2_PLACEMENT_3D('',#2853,#2278,#2279);
#2017=AXIS2_PLACEMENT_3D('',#2855,#2280,#2281);
#2018=AXIS2_PLACEMENT_3D('',#2857,#2282,#2283);
#2019=AXIS2_PLACEMENT_3D('',#2859,#2284,#2285);
#2020=AXIS2_PLACEMENT_3D('',#2861,#2286,#2287);
#2021=AXIS2_PLACEMENT_3D('',#2863,#2288,#2289);
#2022=AXIS2_PLACEMENT_3D('',#2865,#2290,#2291);
#2023=AXIS2_PLACEMENT_3D('',#2867,#2292,#2293);
#2024=AXIS2_PLACEMENT_3D('',#2869,#2294,#2295);
#2025=AXIS2_PLACEMENT_3D('',#2871,#2296,#2297);
#2026=AXIS2_PLACEMENT_3D('',#2873,#2298,#2299);
#2027=AXIS2_PLACEMENT_3D('',#2875,#2300,#2301);
#2028=AXIS2_PLACEMENT_3D('',#2877,#2302,#2303);
#2029=AXIS2_PLACEMENT_3D('',#2879,#2304,#2305);
#2030=AXIS2_PLACEMENT_3D('',#2881,#2306,#2307);
#2031=AXIS2_PLACEMENT_3D('',#2883,#2308,#2309);
#2032=AXIS2_PLACEMENT_3D('',#2885,#2310,#2311);
#2033=AXIS2_PLACEMENT_3D('',#2887,#2312,#2313);
#2034=AXIS2_PLACEMENT_3D('',#2889,#2314,#2315);
#2035=AXIS2_PLACEMENT_3D('',#2891,#2316,#2317);
#2036=AXIS2_PLACEMENT_3D('',#2893,#2318,#2319);
#2037=AXIS2_PLACEMENT_3D('',#2903,#2324,#2325);
#2038=AXIS2_PLACEMENT_3D('',#2917,#2332,#2333);
#2039=AXIS2_PLACEMENT_3D('',#2921,#2335,#2336);
#2040=AXIS2_PLACEMENT_3D('',#2927,#2339,#2340);
#2041=AXIS2_PLACEMENT_3D('',#2931,#2342,#2343);
#2042=AXIS2_PLACEMENT_3D('',#2935,#2345,#2346);
#2043=AXIS2_PLACEMENT_3D('',#2939,#2348,#2349);
#2044=AXIS2_PLACEMENT_3D('',#2945,#2352,#2353);
#2045=AXIS2_PLACEMENT_3D('',#2949,#2355,#2356);
#2046=AXIS2_PLACEMENT_3D('',#2956,#2360,#2361);
#2047=AXIS2_PLACEMENT_3D('',#2976,#2373,#2374);
#2048=AXIS2_PLACEMENT_3D('',#2982,#2378,#2379);
#2049=AXIS2_PLACEMENT_3D('',#2985,#2382,#2383);
#2050=AXIS2_PLACEMENT_3D('',#2987,#2385,#2386);
#2051=AXIS2_PLACEMENT_3D('',#2993,#2390,#2391);
#2052=AXIS2_PLACEMENT_3D('',#2996,#2393,#2394);
#2053=AXIS2_PLACEMENT_3D('',#2997,#2395,#2396);
#2054=AXIS2_PLACEMENT_3D('',#3001,#2399,#2400);
#2055=AXIS2_PLACEMENT_3D('',#3004,#2402,#2403);
#2056=AXIS2_PLACEMENT_3D('',#3005,#2404,#2405);
#2057=AXIS2_PLACEMENT_3D('',#3009,#2408,#2409);
#2058=AXIS2_PLACEMENT_3D('',#3012,#2411,#2412);
#2059=AXIS2_PLACEMENT_3D('',#3013,#2413,#2414);
#2060=AXIS2_PLACEMENT_3D('',#3017,#2417,#2418);
#2061=AXIS2_PLACEMENT_3D('',#3018,#2419,#2420);
#2062=AXIS2_PLACEMENT_3D('',#3020,#2421,#2422);
#2063=AXIS2_PLACEMENT_3D('',#3021,#2423,#2424);
#2064=AXIS2_PLACEMENT_3D('',#3023,#2425,#2426);
#2065=AXIS2_PLACEMENT_3D('',#3024,#2427,#2428);
#2066=AXIS2_PLACEMENT_3D('',#3026,#2429,#2430);
#2067=AXIS2_PLACEMENT_3D('',#3027,#2431,#2432);
#2068=AXIS2_PLACEMENT_3D('',#3029,#2433,#2434);
#2069=AXIS2_PLACEMENT_3D('',#3030,#2435,#2436);
#2070=AXIS2_PLACEMENT_3D('',#3032,#2437,#2438);
#2071=AXIS2_PLACEMENT_3D('',#3033,#2439,#2440);
#2072=AXIS2_PLACEMENT_3D('',#3035,#2441,#2442);
#2073=AXIS2_PLACEMENT_3D('',#3036,#2443,#2444);
#2074=AXIS2_PLACEMENT_3D('',#3038,#2445,#2446);
#2075=AXIS2_PLACEMENT_3D('',#3039,#2447,#2448);
#2076=AXIS2_PLACEMENT_3D('',#3041,#2449,#2450);
#2077=AXIS2_PLACEMENT_3D('',#3042,#2451,#2452);
#2078=AXIS2_PLACEMENT_3D('',#3044,#2453,#2454);
#2079=AXIS2_PLACEMENT_3D('',#3045,#2455,#2456);
#2080=AXIS2_PLACEMENT_3D('',#3047,#2457,#2458);
#2081=AXIS2_PLACEMENT_3D('',#3048,#2459,#2460);
#2082=AXIS2_PLACEMENT_3D('',#3050,#2461,#2462);
#2083=AXIS2_PLACEMENT_3D('',#3051,#2463,#2464);
#2084=AXIS2_PLACEMENT_3D('',#3053,#2465,#2466);
#2085=AXIS2_PLACEMENT_3D('',#3054,#2467,#2468);
#2086=AXIS2_PLACEMENT_3D('',#3056,#2469,#2470);
#2087=AXIS2_PLACEMENT_3D('',#3057,#2471,#2472);
#2088=AXIS2_PLACEMENT_3D('',#3059,#2473,#2474);
#2089=AXIS2_PLACEMENT_3D('',#3060,#2475,#2476);
#2090=AXIS2_PLACEMENT_3D('',#3062,#2477,#2478);
#2091=AXIS2_PLACEMENT_3D('',#3063,#2479,#2480);
#2092=AXIS2_PLACEMENT_3D('',#3065,#2481,#2482);
#2093=AXIS2_PLACEMENT_3D('',#3066,#2483,#2484);
#2094=AXIS2_PLACEMENT_3D('',#3068,#2485,#2486);
#2095=AXIS2_PLACEMENT_3D('',#3069,#2487,#2488);
#2096=AXIS2_PLACEMENT_3D('',#3071,#2489,#2490);
#2097=AXIS2_PLACEMENT_3D('',#3072,#2491,#2492);
#2098=AXIS2_PLACEMENT_3D('',#3074,#2493,#2494);
#2099=AXIS2_PLACEMENT_3D('',#3075,#2495,#2496);
#2100=AXIS2_PLACEMENT_3D('',#3077,#2497,#2498);
#2101=AXIS2_PLACEMENT_3D('',#3078,#2499,#2500);
#2102=AXIS2_PLACEMENT_3D('',#3080,#2501,#2502);
#2103=AXIS2_PLACEMENT_3D('',#3081,#2503,#2504);
#2104=AXIS2_PLACEMENT_3D('',#3083,#2505,#2506);
#2105=AXIS2_PLACEMENT_3D('',#3084,#2507,#2508);
#2106=AXIS2_PLACEMENT_3D('',#3086,#2509,#2510);
#2107=AXIS2_PLACEMENT_3D('',#3087,#2511,#2512);
#2108=AXIS2_PLACEMENT_3D('',#3089,#2513,#2514);
#2109=AXIS2_PLACEMENT_3D('',#3090,#2515,#2516);
#2110=AXIS2_PLACEMENT_3D('',#3092,#2517,#2518);
#2111=AXIS2_PLACEMENT_3D('',#3093,#2519,#2520);
#2112=AXIS2_PLACEMENT_3D('',#3095,#2521,#2522);
#2113=AXIS2_PLACEMENT_3D('',#3096,#2523,#2524);
#2114=AXIS2_PLACEMENT_3D('',#3098,#2525,#2526);
#2115=AXIS2_PLACEMENT_3D('',#3099,#2527,#2528);
#2116=AXIS2_PLACEMENT_3D('',#3101,#2529,#2530);
#2117=AXIS2_PLACEMENT_3D('',#3102,#2531,#2532);
#2118=AXIS2_PLACEMENT_3D('',#3104,#2533,#2534);
#2119=AXIS2_PLACEMENT_3D('',#3105,#2535,#2536);
#2120=AXIS2_PLACEMENT_3D('',#3106,#2537,#2538);
#2121=AXIS2_PLACEMENT_3D('',#3107,#2539,#2540);
#2122=AXIS2_PLACEMENT_3D('',#3109,#2541,#2542);
#2123=AXIS2_PLACEMENT_3D('',#3110,#2543,#2544);
#2124=AXIS2_PLACEMENT_3D('',#3112,#2545,#2546);
#2125=AXIS2_PLACEMENT_3D('',#3114,#2547,#2548);
#2126=AXIS2_PLACEMENT_3D('',#3116,#2549,#2550);
#2127=AXIS2_PLACEMENT_3D('',#3118,#2551,#2552);
#2128=AXIS2_PLACEMENT_3D('',#3121,#2555,#2556);
#2129=AXIS2_PLACEMENT_3D('',#3123,#2558,#2559);
#2130=AXIS2_PLACEMENT_3D('',#3130,#2564,#2565);
#2131=AXIS2_PLACEMENT_3D('',#3132,#2567,#2568);
#2132=AXIS2_PLACEMENT_3D('',#3139,#2573,#2574);
#2133=AXIS2_PLACEMENT_3D('',#3141,#2576,#2577);
#2134=AXIS2_PLACEMENT_3D('',#3148,#2582,#2583);
#2135=AXIS2_PLACEMENT_3D('',#3149,#2584,#2585);
#2136=AXIS2_PLACEMENT_3D('',#3155,#2589,#2590);
#2137=AXIS2_PLACEMENT_3D('',#3169,#2599,#2600);
#2138=AXIS2_PLACEMENT_3D('',#3173,#2603,#2604);
#2139=AXIS2_PLACEMENT_3D('',#3176,#2606,#2607);
#2140=AXIS2_PLACEMENT_3D('',#3177,#2608,#2609);
#2141=AXIS2_PLACEMENT_3D('',#3181,#2612,#2613);
#2142=AXIS2_PLACEMENT_3D('',#3184,#2615,#2616);
#2143=AXIS2_PLACEMENT_3D('',#3185,#2617,#2618);
#2144=AXIS2_PLACEMENT_3D('',#3189,#2621,#2622);
#2145=AXIS2_PLACEMENT_3D('',#3193,#2625,#2626);
#2146=AXIS2_PLACEMENT_3D('',#3195,#2628,#2629);
#2147=AXIS2_PLACEMENT_3D('',#3196,#2630,#2631);
#2148=AXIS2_PLACEMENT_3D('',#3198,#2632,#2633);
#2149=AXIS2_PLACEMENT_3D('',#3200,#2634,#2635);
#2150=AXIS2_PLACEMENT_3D('',#3201,#2636,#2637);
#2151=AXIS2_PLACEMENT_3D('',#3202,#2638,#2639);
#2152=AXIS2_PLACEMENT_3D('',#3206,#2642,#2643);
#2153=AXIS2_PLACEMENT_3D('',#3210,#2646,#2647);
#2154=AXIS2_PLACEMENT_3D('',#3214,#2650,#2651);
#2155=AXIS2_PLACEMENT_3D('',#3218,#2654,#2655);
#2156=AXIS2_PLACEMENT_3D('',#3221,#2657,#2658);
#2157=AXIS2_PLACEMENT_3D('',#3222,#2659,#2660);
#2158=AXIS2_PLACEMENT_3D('',#3226,#2663,#2664);
#2159=AXIS2_PLACEMENT_3D('',#3229,#2666,#2667);
#2160=AXIS2_PLACEMENT_3D('',#3230,#2668,#2669);
#2161=AXIS2_PLACEMENT_3D('',#3232,#2671,#2672);
#2162=AXIS2_PLACEMENT_3D('',#3233,#2673,#2674);
#2163=AXIS2_PLACEMENT_3D('',#3235,#2675,#2676);
#2164=AXIS2_PLACEMENT_3D('',#3237,#2677,#2678);
#2165=AXIS2_PLACEMENT_3D('',#3238,#2679,#2680);
#2166=AXIS2_PLACEMENT_3D('',#3239,#2681,#2682);
#2167=AXIS2_PLACEMENT_3D('',#3241,#2684,#2685);
#2168=AXIS2_PLACEMENT_3D('',#3243,#2687,#2688);
#2169=AXIS2_PLACEMENT_3D('',#3244,#2689,#2690);
#2170=AXIS2_PLACEMENT_3D('',#3246,#2692,#2693);
#2171=AXIS2_PLACEMENT_3D('',#3248,#2695,#2696);
#2172=AXIS2_PLACEMENT_3D('',#3249,#2697,#2698);
#2173=AXIS2_PLACEMENT_3D('',#3255,#2702,#2703);
#2174=AXIS2_PLACEMENT_3D('',#3257,#2705,#2706);
#2175=AXIS2_PLACEMENT_3D('',#3259,#2708,#2709);
#2176=AXIS2_PLACEMENT_3D('',#3260,#2710,#2711);
#2177=AXIS2_PLACEMENT_3D('',#3264,#2714,#2715);
#2178=AXIS2_PLACEMENT_3D('',#3268,#2718,#2719);
#2179=AXIS2_PLACEMENT_3D('',#3270,#2721,#2722);
#2180=AXIS2_PLACEMENT_3D('',#3271,#2723,#2724);
#2181=AXIS2_PLACEMENT_3D('',#3275,#2727,#2728);
#2182=AXIS2_PLACEMENT_3D('',#3279,#2731,#2732);
#2183=AXIS2_PLACEMENT_3D('',#3281,#2734,#2735);
#2184=AXIS2_PLACEMENT_3D('',#3282,#2736,#2737);
#2185=AXIS2_PLACEMENT_3D('',#3283,#2738,#2739);
#2186=AXIS2_PLACEMENT_3D('',#3285,#2740,#2741);
#2187=AXIS2_PLACEMENT_3D('',#3286,#2742,#2743);
#2188=AXIS2_PLACEMENT_3D('',#3287,#2744,#2745);
#2189=AXIS2_PLACEMENT_3D('',#3289,#2746,#2747);
#2190=AXIS2_PLACEMENT_3D('',#3290,#2748,#2749);
#2191=AXIS2_PLACEMENT_3D('',#3291,#2750,#2751);
#2192=AXIS2_PLACEMENT_3D('',#3293,#2752,#2753);
#2193=AXIS2_PLACEMENT_3D('',#3294,#2754,#2755);
#2194=AXIS2_PLACEMENT_3D('',#3295,#2756,#2757);
#2195=AXIS2_PLACEMENT_3D('',#3297,#2758,#2759);
#2196=DIRECTION('',(0.,0.,1.));
#2197=DIRECTION('',(1.,0.,0.));
#2198=DIRECTION('',(0.,0.,1.));
#2199=DIRECTION('',(1.,0.,0.));
#2200=DIRECTION('',(0.,0.,1.));
#2201=DIRECTION('',(1.,0.,0.));
#2202=DIRECTION('',(0.,0.,1.));
#2203=DIRECTION('',(1.,0.,0.));
#2204=DIRECTION('',(0.,0.,1.));
#2205=DIRECTION('',(1.,0.,0.));
#2206=DIRECTION('',(0.,0.,1.));
#2207=DIRECTION('',(1.,0.,0.));
#2208=DIRECTION('',(0.,0.,1.));
#2209=DIRECTION('',(1.,0.,0.));
#2210=DIRECTION('',(0.,0.,1.));
#2211=DIRECTION('',(1.,0.,0.));
#2212=DIRECTION('',(0.,0.,1.));
#2213=DIRECTION('',(1.,0.,0.));
#2214=DIRECTION('',(0.,0.,1.));
#2215=DIRECTION('',(1.,0.,0.));
#2216=DIRECTION('',(0.,0.,1.));
#2217=DIRECTION('',(1.,0.,0.));
#2218=DIRECTION('',(0.,0.,1.));
#2219=DIRECTION('',(1.,0.,0.));
#2220=DIRECTION('',(0.,0.,1.));
#2221=DIRECTION('',(1.,0.,0.));
#2222=DIRECTION('',(0.,0.,1.));
#2223=DIRECTION('',(1.,0.,0.));
#2224=DIRECTION('',(-6.47284879095824E-17,-1.,0.));
#2225=DIRECTION('',(0.,0.,1.));
#2226=DIRECTION('',(1.,0.,0.));
#2227=DIRECTION('',(1.,0.,0.));
#2228=DIRECTION('',(0.,0.,1.));
#2229=DIRECTION('',(1.,0.,0.));
#2230=DIRECTION('',(-5.17827903276659E-17,-1.,0.));
#2231=DIRECTION('',(0.,0.,1.));
#2232=DIRECTION('',(1.,0.,0.));
#2233=DIRECTION('',(1.,0.,0.));
#2234=DIRECTION('',(0.,0.,1.));
#2235=DIRECTION('',(1.,0.,0.));
#2236=DIRECTION('',(0.,0.,1.));
#2237=DIRECTION('',(1.,0.,0.));
#2238=DIRECTION('',(-1.,0.,0.));
#2239=DIRECTION('',(-5.82748735817475E-17,-1.,0.));
#2240=DIRECTION('',(1.,-8.67361737988409E-15,0.));
#2241=DIRECTION('',(0.,0.,1.));
#2242=DIRECTION('',(1.,0.,0.));
#2243=DIRECTION('',(0.,1.,0.));
#2244=DIRECTION('',(1.,0.,0.));
#2245=DIRECTION('',(-2.16840434497102E-15,-1.,0.));
#2246=DIRECTION('',(0.,0.,1.));
#2247=DIRECTION('',(1.,0.,0.));
#2248=DIRECTION('',(-1.,0.,0.));
#2249=DIRECTION('',(-5.82748735817476E-17,-1.,0.));
#2250=DIRECTION('',(1.,0.,0.));
#2251=DIRECTION('',(0.,0.,1.));
#2252=DIRECTION('',(1.,0.,0.));
#2253=DIRECTION('',(1.,0.,0.));
#2254=DIRECTION('',(1.,0.,0.));
#2255=DIRECTION('',(1.,0.,0.));
#2256=DIRECTION('',(1.,0.,0.));
#2257=DIRECTION('',(1.,0.,0.));
#2258=DIRECTION('',(0.,0.,1.));
#2259=DIRECTION('',(1.,0.,0.));
#2260=DIRECTION('',(0.,0.,1.));
#2261=DIRECTION('',(1.,0.,0.));
#2262=DIRECTION('',(0.,0.,1.));
#2263=DIRECTION('',(1.,0.,0.));
#2264=DIRECTION('',(0.,0.,1.));
#2265=DIRECTION('',(1.,0.,0.));
#2266=DIRECTION('',(0.,0.,1.));
#2267=DIRECTION('',(1.,0.,0.));
#2268=DIRECTION('',(0.,0.,1.));
#2269=DIRECTION('',(1.,0.,0.));
#2270=DIRECTION('',(0.,0.,1.));
#2271=DIRECTION('',(1.,0.,0.));
#2272=DIRECTION('',(0.,0.,1.));
#2273=DIRECTION('',(1.,0.,0.));
#2274=DIRECTION('',(0.,0.,1.));
#2275=DIRECTION('',(1.,0.,0.));
#2276=DIRECTION('',(0.,0.,1.));
#2277=DIRECTION('',(1.,0.,0.));
#2278=DIRECTION('',(0.,0.,1.));
#2279=DIRECTION('',(1.,0.,0.));
#2280=DIRECTION('',(0.,0.,1.));
#2281=DIRECTION('',(1.,0.,0.));
#2282=DIRECTION('',(0.,0.,1.));
#2283=DIRECTION('',(1.,0.,0.));
#2284=DIRECTION('',(0.,0.,1.));
#2285=DIRECTION('',(1.,0.,0.));
#2286=DIRECTION('',(0.,0.,1.));
#2287=DIRECTION('',(1.,0.,0.));
#2288=DIRECTION('',(0.,0.,1.));
#2289=DIRECTION('',(1.,0.,0.));
#2290=DIRECTION('',(0.,0.,1.));
#2291=DIRECTION('',(1.,0.,0.));
#2292=DIRECTION('',(0.,0.,1.));
#2293=DIRECTION('',(1.,0.,0.));
#2294=DIRECTION('',(0.,0.,1.));
#2295=DIRECTION('',(1.,0.,0.));
#2296=DIRECTION('',(0.,0.,1.));
#2297=DIRECTION('',(1.,0.,0.));
#2298=DIRECTION('',(0.,0.,1.));
#2299=DIRECTION('',(1.,0.,0.));
#2300=DIRECTION('',(0.,0.,1.));
#2301=DIRECTION('',(1.,0.,0.));
#2302=DIRECTION('',(0.,0.,1.));
#2303=DIRECTION('',(1.,0.,0.));
#2304=DIRECTION('',(0.,0.,1.));
#2305=DIRECTION('',(1.,0.,0.));
#2306=DIRECTION('',(0.,0.,1.));
#2307=DIRECTION('',(1.,0.,0.));
#2308=DIRECTION('',(0.,0.,1.));
#2309=DIRECTION('',(1.,0.,0.));
#2310=DIRECTION('',(0.,0.,1.));
#2311=DIRECTION('',(1.,0.,0.));
#2312=DIRECTION('',(0.,0.,1.));
#2313=DIRECTION('',(1.,0.,0.));
#2314=DIRECTION('',(0.,0.,1.));
#2315=DIRECTION('',(1.,0.,0.));
#2316=DIRECTION('',(0.,0.,1.));
#2317=DIRECTION('',(1.,0.,0.));
#2318=DIRECTION('',(0.,0.,1.));
#2319=DIRECTION('',(1.,0.,0.));
#2320=DIRECTION('',(-1.71330713676721E-16,1.,0.));
#2321=DIRECTION('',(1.,0.,0.));
#2322=DIRECTION('',(0.,1.,0.));
#2323=DIRECTION('',(1.,0.,0.));
#2324=DIRECTION('',(0.,0.,1.));
#2325=DIRECTION('',(1.,0.,0.));
#2326=DIRECTION('',(-1.71330713676721E-16,1.,0.));
#2327=DIRECTION('',(1.,0.,0.));
#2328=DIRECTION('',(0.,1.,0.));
#2329=DIRECTION('',(1.,0.,0.));
#2330=DIRECTION('',(-8.67361737988403E-16,-1.,0.));
#2331=DIRECTION('',(1.,0.,0.));
#2332=DIRECTION('',(0.,0.,1.));
#2333=DIRECTION('',(1.,0.,0.));
#2334=DIRECTION('',(-1.84529163968815E-16,1.,0.));
#2335=DIRECTION('',(0.,0.,1.));
#2336=DIRECTION('',(1.,0.,0.));
#2337=DIRECTION('',(-1.9025089985511E-16,1.,0.));
#2338=DIRECTION('',(1.,0.,0.));
#2339=DIRECTION('',(0.,0.,1.));
#2340=DIRECTION('',(1.,0.,0.));
#2341=DIRECTION('',(-5.82748735817475E-17,-1.,0.));
#2342=DIRECTION('',(0.,0.,1.));
#2343=DIRECTION('',(1.,0.,0.));
#2344=DIRECTION('',(1.,0.,0.));
#2345=DIRECTION('',(0.,0.,1.));
#2346=DIRECTION('',(1.,0.,0.));
#2347=DIRECTION('',(-5.82748735817475E-17,-1.,0.));
#2348=DIRECTION('',(0.,0.,1.));
#2349=DIRECTION('',(1.,0.,0.));
#2350=DIRECTION('',(1.,0.,0.));
#2351=DIRECTION('',(-2.5366786647348E-16,1.,0.));
#2352=DIRECTION('',(0.,0.,1.));
#2353=DIRECTION('',(1.,0.,0.));
#2354=DIRECTION('',(-1.40593648738145E-16,1.,0.));
#2355=DIRECTION('',(0.,0.,1.));
#2356=DIRECTION('',(1.,0.,0.));
#2357=DIRECTION('',(1.,0.,0.));
#2358=DIRECTION('',(0.,-1.,0.));
#2359=DIRECTION('',(1.,0.,0.));
#2360=DIRECTION('',(-1.,-1.71330713676721E-16,0.));
#2361=DIRECTION('',(1.71330713676721E-16,-1.,0.));
#2362=DIRECTION('',(0.,0.,-1.));
#2363=DIRECTION('',(0.,1.,0.));
#2364=DIRECTION('',(0.,0.,-1.));
#2365=DIRECTION('',(0.,0.,-1.));
#2366=DIRECTION('',(0.,1.,0.));
#2367=DIRECTION('',(0.,0.,-1.));
#2368=DIRECTION('',(0.,0.,-1.));
#2369=DIRECTION('',(-1.71330713676721E-16,1.,0.));
#2370=DIRECTION('',(0.,0.,-1.));
#2371=DIRECTION('',(0.,0.,-1.));
#2372=DIRECTION('',(-1.71330713676721E-16,1.,0.));
#2373=DIRECTION('',(0.,0.,1.));
#2374=DIRECTION('',(1.,0.,0.));
#2375=DIRECTION('',(1.,0.,0.));
#2376=DIRECTION('',(1.,0.,0.));
#2377=DIRECTION('',(0.,1.,0.));
#2378=DIRECTION('',(0.,1.,0.));
#2379=DIRECTION('',(0.,0.,1.));
#2380=DIRECTION('',(0.,0.,-1.));
#2381=DIRECTION('',(0.,0.,-1.));
#2382=DIRECTION('',(0.,1.,0.));
#2383=DIRECTION('',(0.,0.,1.));
#2384=DIRECTION('',(0.,0.,-1.));
#2385=DIRECTION('',(-1.,6.47284879095824E-17,0.));
#2386=DIRECTION('',(-6.47284879095824E-17,-1.,0.));
#2387=DIRECTION('',(0.,0.,1.));
#2388=DIRECTION('',(0.,0.,1.));
#2389=DIRECTION('',(-6.47284879095824E-17,-1.,0.));
#2390=DIRECTION('',(0.,0.,1.));
#2391=DIRECTION('',(1.,0.,0.));
#2392=DIRECTION('',(0.,0.,1.));
#2393=DIRECTION('',(0.,0.,1.));
#2394=DIRECTION('',(1.,0.,0.));
#2395=DIRECTION('',(0.,-1.,0.));
#2396=DIRECTION('',(0.,0.,-1.));
#2397=DIRECTION('',(0.,0.,1.));
#2398=DIRECTION('',(1.,0.,0.));
#2399=DIRECTION('',(0.,0.,1.));
#2400=DIRECTION('',(1.,0.,0.));
#2401=DIRECTION('',(0.,0.,1.));
#2402=DIRECTION('',(0.,0.,1.));
#2403=DIRECTION('',(1.,0.,0.));
#2404=DIRECTION('',(-1.,5.17827903276659E-17,0.));
#2405=DIRECTION('',(-5.17827903276659E-17,-1.,0.));
#2406=DIRECTION('',(0.,0.,1.));
#2407=DIRECTION('',(-5.17827903276659E-17,-1.,0.));
#2408=DIRECTION('',(0.,0.,1.));
#2409=DIRECTION('',(1.,0.,0.));
#2410=DIRECTION('',(0.,0.,1.));
#2411=DIRECTION('',(0.,0.,1.));
#2412=DIRECTION('',(1.,0.,0.));
#2413=DIRECTION('',(0.,-1.,0.));
#2414=DIRECTION('',(0.,0.,-1.));
#2415=DIRECTION('',(0.,0.,1.));
#2416=DIRECTION('',(1.,0.,0.));
#2417=DIRECTION('',(0.,0.,1.));
#2418=DIRECTION('',(1.,0.,0.));
#2419=DIRECTION('',(0.,0.,1.));
#2420=DIRECTION('',(1.,0.,0.));
#2421=DIRECTION('',(0.,0.,1.));
#2422=DIRECTION('',(1.,0.,0.));
#2423=DIRECTION('',(0.,0.,1.));
#2424=DIRECTION('',(1.,0.,0.));
#2425=DIRECTION('',(0.,0.,1.));
#2426=DIRECTION('',(1.,0.,0.));
#2427=DIRECTION('',(0.,0.,1.));
#2428=DIRECTION('',(1.,0.,0.));
#2429=DIRECTION('',(0.,0.,1.));
#2430=DIRECTION('',(1.,0.,0.));
#2431=DIRECTION('',(0.,0.,1.));
#2432=DIRECTION('',(1.,0.,0.));
#2433=DIRECTION('',(0.,0.,1.));
#2434=DIRECTION('',(1.,0.,0.));
#2435=DIRECTION('',(0.,0.,1.));
#2436=DIRECTION('',(1.,0.,0.));
#2437=DIRECTION('',(0.,0.,1.));
#2438=DIRECTION('',(1.,0.,0.));
#2439=DIRECTION('',(0.,0.,1.));
#2440=DIRECTION('',(1.,0.,0.));
#2441=DIRECTION('',(0.,0.,1.));
#2442=DIRECTION('',(1.,0.,0.));
#2443=DIRECTION('',(0.,0.,1.));
#2444=DIRECTION('',(1.,0.,0.));
#2445=DIRECTION('',(0.,0.,1.));
#2446=DIRECTION('',(1.,0.,0.));
#2447=DIRECTION('',(0.,0.,1.));
#2448=DIRECTION('',(1.,0.,0.));
#2449=DIRECTION('',(0.,0.,1.));
#2450=DIRECTION('',(1.,0.,0.));
#2451=DIRECTION('',(0.,0.,1.));
#2452=DIRECTION('',(1.,0.,0.));
#2453=DIRECTION('',(0.,0.,1.));
#2454=DIRECTION('',(1.,0.,0.));
#2455=DIRECTION('',(0.,0.,1.));
#2456=DIRECTION('',(1.,0.,0.));
#2457=DIRECTION('',(0.,0.,1.));
#2458=DIRECTION('',(1.,0.,0.));
#2459=DIRECTION('',(0.,0.,1.));
#2460=DIRECTION('',(1.,0.,0.));
#2461=DIRECTION('',(0.,0.,1.));
#2462=DIRECTION('',(1.,0.,0.));
#2463=DIRECTION('',(0.,0.,1.));
#2464=DIRECTION('',(1.,0.,0.));
#2465=DIRECTION('',(0.,0.,1.));
#2466=DIRECTION('',(1.,0.,0.));
#2467=DIRECTION('',(0.,0.,1.));
#2468=DIRECTION('',(1.,0.,0.));
#2469=DIRECTION('',(0.,0.,1.));
#2470=DIRECTION('',(1.,0.,0.));
#2471=DIRECTION('',(0.,0.,1.));
#2472=DIRECTION('',(1.,0.,0.));
#2473=DIRECTION('',(0.,0.,1.));
#2474=DIRECTION('',(1.,0.,0.));
#2475=DIRECTION('',(0.,0.,1.));
#2476=DIRECTION('',(1.,0.,0.));
#2477=DIRECTION('',(0.,0.,1.));
#2478=DIRECTION('',(1.,0.,0.));
#2479=DIRECTION('',(0.,0.,1.));
#2480=DIRECTION('',(1.,0.,0.));
#2481=DIRECTION('',(0.,0.,1.));
#2482=DIRECTION('',(1.,0.,0.));
#2483=DIRECTION('',(0.,0.,1.));
#2484=DIRECTION('',(1.,0.,0.));
#2485=DIRECTION('',(0.,0.,1.));
#2486=DIRECTION('',(1.,0.,0.));
#2487=DIRECTION('',(0.,0.,1.));
#2488=DIRECTION('',(1.,0.,0.));
#2489=DIRECTION('',(0.,0.,1.));
#2490=DIRECTION('',(1.,0.,0.));
#2491=DIRECTION('',(0.,0.,1.));
#2492=DIRECTION('',(1.,0.,0.));
#2493=DIRECTION('',(0.,0.,1.));
#2494=DIRECTION('',(1.,0.,0.));
#2495=DIRECTION('',(0.,0.,1.));
#2496=DIRECTION('',(1.,0.,0.));
#2497=DIRECTION('',(0.,0.,1.));
#2498=DIRECTION('',(1.,0.,0.));
#2499=DIRECTION('',(0.,0.,1.));
#2500=DIRECTION('',(1.,0.,0.));
#2501=DIRECTION('',(0.,0.,1.));
#2502=DIRECTION('',(1.,0.,0.));
#2503=DIRECTION('',(0.,0.,1.));
#2504=DIRECTION('',(1.,0.,0.));
#2505=DIRECTION('',(0.,0.,1.));
#2506=DIRECTION('',(1.,0.,0.));
#2507=DIRECTION('',(0.,0.,1.));
#2508=DIRECTION('',(1.,0.,0.));
#2509=DIRECTION('',(0.,0.,1.));
#2510=DIRECTION('',(1.,0.,0.));
#2511=DIRECTION('',(0.,0.,1.));
#2512=DIRECTION('',(1.,0.,0.));
#2513=DIRECTION('',(0.,0.,1.));
#2514=DIRECTION('',(1.,0.,0.));
#2515=DIRECTION('',(0.,0.,1.));
#2516=DIRECTION('',(1.,0.,0.));
#2517=DIRECTION('',(0.,0.,1.));
#2518=DIRECTION('',(1.,0.,0.));
#2519=DIRECTION('',(0.,0.,1.));
#2520=DIRECTION('',(1.,0.,0.));
#2521=DIRECTION('',(0.,0.,1.));
#2522=DIRECTION('',(1.,0.,0.));
#2523=DIRECTION('',(0.,0.,1.));
#2524=DIRECTION('',(1.,0.,0.));
#2525=DIRECTION('',(0.,0.,1.));
#2526=DIRECTION('',(1.,0.,0.));
#2527=DIRECTION('',(0.,0.,1.));
#2528=DIRECTION('',(1.,0.,0.));
#2529=DIRECTION('',(0.,0.,1.));
#2530=DIRECTION('',(1.,0.,0.));
#2531=DIRECTION('',(0.,0.,1.));
#2532=DIRECTION('',(1.,0.,0.));
#2533=DIRECTION('',(0.,0.,1.));
#2534=DIRECTION('',(1.,0.,0.));
#2535=DIRECTION('',(0.,0.,1.));
#2536=DIRECTION('',(1.,0.,0.));
#2537=DIRECTION('',(0.,0.,1.));
#2538=DIRECTION('',(1.,0.,0.));
#2539=DIRECTION('',(0.,0.,1.));
#2540=DIRECTION('',(1.,0.,0.));
#2541=DIRECTION('',(0.,0.,1.));
#2542=DIRECTION('',(1.,0.,0.));
#2543=DIRECTION('',(0.,0.,-1.));
#2544=DIRECTION('',(-1.,0.,0.));
#2545=DIRECTION('',(0.,0.,-1.));
#2546=DIRECTION('',(-1.,0.,0.));
#2547=DIRECTION('',(0.,0.,-1.));
#2548=DIRECTION('',(-1.,0.,0.));
#2549=DIRECTION('',(0.,0.,-1.));
#2550=DIRECTION('',(-1.,0.,0.));
#2551=DIRECTION('',(0.,1.,0.));
#2552=DIRECTION('',(0.,0.,1.));
#2553=DIRECTION('',(0.,0.,-1.));
#2554=DIRECTION('',(0.,0.,-1.));
#2555=DIRECTION('',(0.,0.,-1.));
#2556=DIRECTION('',(-1.,0.,0.));
#2557=DIRECTION('',(0.,0.,-1.));
#2558=DIRECTION('',(1.,-5.82748735817475E-17,0.));
#2559=DIRECTION('',(5.82748735817475E-17,1.,0.));
#2560=DIRECTION('',(0.,0.,-1.));
#2561=DIRECTION('',(0.,0.,-1.));
#2562=DIRECTION('',(-5.82748735817475E-17,-1.,0.));
#2563=DIRECTION('',(0.,0.,-1.));
#2564=DIRECTION('',(0.,0.,-1.));
#2565=DIRECTION('',(-1.,0.,0.));
#2566=DIRECTION('',(0.,0.,-1.));
#2567=DIRECTION('',(0.,1.,0.));
#2568=DIRECTION('',(0.,0.,1.));
#2569=DIRECTION('',(0.,0.,-1.));
#2570=DIRECTION('',(0.,0.,-1.));
#2571=DIRECTION('',(1.,0.,0.));
#2572=DIRECTION('',(0.,0.,-1.));
#2573=DIRECTION('',(0.,0.,-1.));
#2574=DIRECTION('',(-1.,0.,0.));
#2575=DIRECTION('',(0.,0.,-1.));
#2576=DIRECTION('',(1.,-5.82748735817475E-17,0.));
#2577=DIRECTION('',(5.82748735817475E-17,1.,0.));
#2578=DIRECTION('',(0.,0.,-1.));
#2579=DIRECTION('',(0.,0.,-1.));
#2580=DIRECTION('',(-5.82748735817475E-17,-1.,0.));
#2581=DIRECTION('',(0.,0.,-1.));
#2582=DIRECTION('',(0.,0.,-1.));
#2583=DIRECTION('',(-1.,0.,0.));
#2584=DIRECTION('',(0.,1.,0.));
#2585=DIRECTION('',(0.,0.,1.));
#2586=DIRECTION('',(0.,0.,-1.));
#2587=DIRECTION('',(0.,0.,-1.));
#2588=DIRECTION('',(1.,0.,0.));
#2589=DIRECTION('',(-1.,0.,0.));
#2590=DIRECTION('',(0.,0.,1.));
#2591=DIRECTION('',(0.,0.,-1.));
#2592=DIRECTION('',(0.,1.,0.));
#2593=DIRECTION('',(0.,0.,-1.));
#2594=DIRECTION('',(0.,1.,0.));
#2595=DIRECTION('',(0.,0.,-1.));
#2596=DIRECTION('',(0.,0.,-1.));
#2597=DIRECTION('',(0.,1.,0.));
#2598=DIRECTION('',(0.,0.,-1.));
#2599=DIRECTION('',(-1.,-1.9025089985511E-16,0.));
#2600=DIRECTION('',(1.9025089985511E-16,-1.,0.));
#2601=DIRECTION('',(0.,0.,-1.));
#2602=DIRECTION('',(-1.9025089985511E-16,1.,0.));
#2603=DIRECTION('',(0.,0.,-1.));
#2604=DIRECTION('',(-1.,0.,0.));
#2605=DIRECTION('',(0.,0.,-1.));
#2606=DIRECTION('',(0.,0.,1.));
#2607=DIRECTION('',(1.,0.,0.));
#2608=DIRECTION('',(-1.,-1.84529163968815E-16,0.));
#2609=DIRECTION('',(1.84529163968815E-16,-1.,0.));
#2610=DIRECTION('',(0.,0.,-1.));
#2611=DIRECTION('',(-1.84529163968815E-16,1.,0.));
#2612=DIRECTION('',(0.,0.,-1.));
#2613=DIRECTION('',(-1.,0.,0.));
#2614=DIRECTION('',(0.,0.,-1.));
#2615=DIRECTION('',(0.,0.,1.));
#2616=DIRECTION('',(1.,0.,0.));
#2617=DIRECTION('',(0.,1.,0.));
#2618=DIRECTION('',(0.,0.,1.));
#2619=DIRECTION('',(0.,0.,-1.));
#2620=DIRECTION('',(1.,0.,0.));
#2621=DIRECTION('',(1.,-8.67361737988403E-16,0.));
#2622=DIRECTION('',(8.67361737988403E-16,1.,0.));
#2623=DIRECTION('',(0.,0.,-1.));
#2624=DIRECTION('',(-8.67361737988403E-16,-1.,0.));
#2625=DIRECTION('',(0.,1.,0.));
#2626=DIRECTION('',(0.,0.,1.));
#2627=DIRECTION('',(1.,0.,0.));
#2628=DIRECTION('',(0.,0.,-1.));
#2629=DIRECTION('',(-1.,0.,0.));
#2630=DIRECTION('',(0.,0.,1.));
#2631=DIRECTION('',(1.,0.,0.));
#2632=DIRECTION('',(0.,0.,1.));
#2633=DIRECTION('',(1.,0.,0.));
#2634=DIRECTION('',(0.,0.,1.));
#2635=DIRECTION('',(1.,0.,0.));
#2636=DIRECTION('',(0.,0.,1.));
#2637=DIRECTION('',(1.,0.,0.));
#2638=DIRECTION('',(0.,1.,0.));
#2639=DIRECTION('',(0.,0.,1.));
#2640=DIRECTION('',(0.,0.,-1.));
#2641=DIRECTION('',(1.,0.,0.));
#2642=DIRECTION('',(0.,1.,0.));
#2643=DIRECTION('',(0.,0.,1.));
#2644=DIRECTION('',(0.,0.,-1.));
#2645=DIRECTION('',(1.,0.,0.));
#2646=DIRECTION('',(1.,0.,0.));
#2647=DIRECTION('',(0.,0.,-1.));
#2648=DIRECTION('',(0.,0.,-1.));
#2649=DIRECTION('',(0.,-1.,0.));
#2650=DIRECTION('',(0.,1.,0.));
#2651=DIRECTION('',(0.,0.,1.));
#2652=DIRECTION('',(0.,0.,-1.));
#2653=DIRECTION('',(1.,0.,0.));
#2654=DIRECTION('',(0.,0.,-1.));
#2655=DIRECTION('',(-1.,0.,0.));
#2656=DIRECTION('',(0.,0.,-1.));
#2657=DIRECTION('',(0.,0.,1.));
#2658=DIRECTION('',(1.,0.,0.));
#2659=DIRECTION('',(-1.,-1.40593648738145E-16,0.));
#2660=DIRECTION('',(1.40593648738145E-16,-1.,0.));
#2661=DIRECTION('',(0.,0.,-1.));
#2662=DIRECTION('',(-1.40593648738145E-16,1.,0.));
#2663=DIRECTION('',(0.,0.,-1.));
#2664=DIRECTION('',(-1.,0.,0.));
#2665=DIRECTION('',(0.,0.,-1.));
#2666=DIRECTION('',(0.,0.,1.));
#2667=DIRECTION('',(1.,0.,0.));
#2668=DIRECTION('',(-1.,-2.5366786647348E-16,0.));
#2669=DIRECTION('',(2.5366786647348E-16,-1.,0.));
#2670=DIRECTION('',(-2.5366786647348E-16,1.,0.));
#2671=DIRECTION('',(0.,0.,-1.));
#2672=DIRECTION('',(-1.,0.,0.));
#2673=DIRECTION('',(0.,0.,1.));
#2674=DIRECTION('',(1.,0.,0.));
#2675=DIRECTION('',(0.,0.,1.));
#2676=DIRECTION('',(1.,0.,0.));
#2677=DIRECTION('',(0.,0.,1.));
#2678=DIRECTION('',(1.,0.,0.));
#2679=DIRECTION('',(0.,0.,1.));
#2680=DIRECTION('',(1.,0.,0.));
#2681=DIRECTION('',(0.,1.,0.));
#2682=DIRECTION('',(0.,0.,1.));
#2683=DIRECTION('',(1.,0.,0.));
#2684=DIRECTION('',(0.,1.,0.));
#2685=DIRECTION('',(0.,0.,1.));
#2686=DIRECTION('',(1.,0.,0.));
#2687=DIRECTION('',(0.,0.,1.));
#2688=DIRECTION('',(1.,0.,0.));
#2689=DIRECTION('',(0.,1.,0.));
#2690=DIRECTION('',(0.,0.,1.));
#2691=DIRECTION('',(1.,0.,0.));
#2692=DIRECTION('',(0.,1.,0.));
#2693=DIRECTION('',(0.,0.,1.));
#2694=DIRECTION('',(1.,0.,0.));
#2695=DIRECTION('',(0.,0.,1.));
#2696=DIRECTION('',(1.,0.,0.));
#2697=DIRECTION('',(1.,-5.82748735817476E-17,0.));
#2698=DIRECTION('',(5.82748735817476E-17,1.,0.));
#2699=DIRECTION('',(0.,0.,-1.));
#2700=DIRECTION('',(-5.82748735817476E-17,-1.,0.));
#2701=DIRECTION('',(0.,0.,-1.));
#2702=DIRECTION('',(0.,-1.,0.));
#2703=DIRECTION('',(0.,0.,-1.));
#2704=DIRECTION('',(-1.,0.,0.));
#2705=DIRECTION('',(0.,1.,0.));
#2706=DIRECTION('',(0.,0.,1.));
#2707=DIRECTION('',(1.,0.,0.));
#2708=DIRECTION('',(0.,0.,1.));
#2709=DIRECTION('',(1.,0.,0.));
#2710=DIRECTION('',(1.,-2.16840434497102E-15,0.));
#2711=DIRECTION('',(2.16840434497102E-15,1.,0.));
#2712=DIRECTION('',(0.,0.,-1.));
#2713=DIRECTION('',(-2.16840434497102E-15,-1.,0.));
#2714=DIRECTION('',(0.,1.,0.));
#2715=DIRECTION('',(0.,0.,1.));
#2716=DIRECTION('',(0.,0.,-1.));
#2717=DIRECTION('',(1.,0.,0.));
#2718=DIRECTION('',(-1.,0.,0.));
#2719=DIRECTION('',(0.,0.,1.));
#2720=DIRECTION('',(0.,1.,0.));
#2721=DIRECTION('',(0.,0.,1.));
#2722=DIRECTION('',(1.,0.,0.));
#2723=DIRECTION('',(0.,-1.,0.));
#2724=DIRECTION('',(0.,0.,-1.));
#2725=DIRECTION('',(-1.,0.,0.));
#2726=DIRECTION('',(0.,0.,-1.));
#2727=DIRECTION('',(8.67361737988409E-15,1.,0.));
#2728=DIRECTION('',(-1.,8.67361737988409E-15,0.));
#2729=DIRECTION('',(0.,0.,-1.));
#2730=DIRECTION('',(1.,-8.67361737988409E-15,0.));
#2731=DIRECTION('',(1.,-5.82748735817475E-17,0.));
#2732=DIRECTION('',(5.82748735817475E-17,1.,0.));
#2733=DIRECTION('',(-5.82748735817475E-17,-1.,0.));
#2734=DIRECTION('',(0.,0.,1.));
#2735=DIRECTION('',(1.,0.,0.));
#2736=DIRECTION('',(0.,0.,-1.));
#2737=DIRECTION('',(-1.,0.,0.));
#2738=DIRECTION('',(0.,0.,-1.));
#2739=DIRECTION('',(-1.,0.,0.));
#2740=DIRECTION('',(0.,0.,-1.));
#2741=DIRECTION('',(1.,0.,0.));
#2742=DIRECTION('',(0.,0.,-1.));
#2743=DIRECTION('',(-1.,0.,0.));
#2744=DIRECTION('',(0.,0.,-1.));
#2745=DIRECTION('',(-1.,0.,0.));
#2746=DIRECTION('',(0.,0.,-1.));
#2747=DIRECTION('',(1.,0.,0.));
#2748=DIRECTION('',(0.,0.,-1.));
#2749=DIRECTION('',(-1.,0.,0.));
#2750=DIRECTION('',(0.,0.,-1.));
#2751=DIRECTION('',(-1.,0.,0.));
#2752=DIRECTION('',(0.,0.,-1.));
#2753=DIRECTION('',(1.,0.,0.));
#2754=DIRECTION('',(0.,0.,-1.));
#2755=DIRECTION('',(-1.,0.,0.));
#2756=DIRECTION('',(0.,0.,-1.));
#2757=DIRECTION('',(-1.,0.,0.));
#2758=DIRECTION('',(0.,0.,-1.));
#2759=DIRECTION('',(1.,0.,0.));
#2760=CARTESIAN_POINT('',(0.,0.,0.));
#2761=CARTESIAN_POINT('',(-0.02,-0.085883035578219,-0.0035));
#2762=CARTESIAN_POINT('',(-0.02,-0.085883035578219,0.001));
#2763=CARTESIAN_POINT('',(-0.019,-0.085883035578219,0.001));
#2764=CARTESIAN_POINT('',(-0.02,-0.085883035578219,-0.00125));
#2765=CARTESIAN_POINT('',(-0.019,-0.085883035578219,-0.00125));
#2766=CARTESIAN_POINT('',(0.004,-0.085883035578219,-0.0035));
#2767=CARTESIAN_POINT('',(0.004,-0.085883035578219,0.001));
#2768=CARTESIAN_POINT('',(0.00500000000000001,-0.085883035578219,0.001));
#2769=CARTESIAN_POINT('',(0.004,-0.085883035578219,-0.00125));
#2770=CARTESIAN_POINT('',(0.00500000000000001,-0.085883035578219,-0.00125));
#2771=CARTESIAN_POINT('',(0.004,-0.022883035578219,-0.0035));
#2772=CARTESIAN_POINT('',(0.004,-0.022883035578219,0.001));
#2773=CARTESIAN_POINT('',(0.005,-0.022883035578219,0.001));
#2774=CARTESIAN_POINT('',(0.004,-0.022883035578219,-0.00125));
#2775=CARTESIAN_POINT('',(0.005,-0.022883035578219,-0.00125));
#2776=CARTESIAN_POINT('',(-0.02,-0.022883035578219,-0.0035));
#2777=CARTESIAN_POINT('',(-0.02,-0.022883035578219,0.001));
#2778=CARTESIAN_POINT('',(-0.019,-0.022883035578219,0.001));
#2779=CARTESIAN_POINT('',(-0.02,-0.022883035578219,-0.00125));
#2780=CARTESIAN_POINT('',(-0.019,-0.022883035578219,-0.00125));
#2781=CARTESIAN_POINT('',(-0.008,-0.054383035578219,0.001));
#2782=CARTESIAN_POINT('',(0.007,-0.054383035578219,0.001));
#2783=CARTESIAN_POINT('',(0.007,-0.020883035578219,0.001));
#2784=CARTESIAN_POINT('',(0.007,-0.087883035578219,0.001));
#2785=CARTESIAN_POINT('',(0.006,-0.020883035578219,0.001));
#2786=CARTESIAN_POINT('',(0.006,-0.019883035578219,0.001));
#2787=CARTESIAN_POINT('',(-0.008,-0.019883035578219,0.001));
#2788=CARTESIAN_POINT('',(-0.022,-0.019883035578219,0.001));
#2789=CARTESIAN_POINT('',(-0.022,-0.020883035578219,0.001));
#2790=CARTESIAN_POINT('',(-0.023,-0.020883035578219,0.001));
#2791=CARTESIAN_POINT('',(-0.023,-0.054383035578219,0.001));
#2792=CARTESIAN_POINT('',(-0.023,-0.087883035578219,0.001));
#2793=CARTESIAN_POINT('',(-0.022,-0.087883035578219,0.001));
#2794=CARTESIAN_POINT('',(-0.022,-0.088883035578219,0.001));
#2795=CARTESIAN_POINT('',(-0.008,-0.088883035578219,0.001));
#2796=CARTESIAN_POINT('',(0.006,-0.088883035578219,0.001));
#2797=CARTESIAN_POINT('',(0.006,-0.087883035578219,0.001));
#2798=CARTESIAN_POINT('',(-0.02,-0.085883035578219,0.001));
#2799=CARTESIAN_POINT('',(-0.0182679491924311,-0.086883035578219,0.001));
#2800=CARTESIAN_POINT('',(-0.021,-0.0841509847706502,0.001));
#2801=CARTESIAN_POINT('',(-0.0214,-0.0841509847706502,0.001));
#2802=CARTESIAN_POINT('',(-0.0218,-0.0841509847706502,0.001));
#2803=CARTESIAN_POINT('',(-0.0218,-0.054383035578219,0.001));
#2804=CARTESIAN_POINT('',(-0.0218,-0.0246150863857879,0.001));
#2805=CARTESIAN_POINT('',(-0.0214,-0.0246150863857879,0.001));
#2806=CARTESIAN_POINT('',(-0.021,-0.0246150863857879,0.001));
#2807=CARTESIAN_POINT('',(-0.02,-0.022883035578219,0.001));
#2808=CARTESIAN_POINT('',(-0.0182679491924311,-0.021883035578219,0.001));
#2809=CARTESIAN_POINT('',(-0.0182679491924311,-0.021483035578219,0.001));
#2810=CARTESIAN_POINT('',(-0.0182679491924311,-0.021083035578219,0.001));
#2811=CARTESIAN_POINT('',(-0.008,-0.021083035578219,0.001));
#2812=CARTESIAN_POINT('',(0.00226794919243113,-0.021083035578219,0.001));
#2813=CARTESIAN_POINT('',(0.00226794919243113,-0.0214830355782191,0.001));
#2814=CARTESIAN_POINT('',(0.00226794919243113,-0.021883035578219,0.001));
#2815=CARTESIAN_POINT('',(0.004,-0.022883035578219,0.001));
#2816=CARTESIAN_POINT('',(0.005,-0.0246150863857879,0.001));
#2817=CARTESIAN_POINT('',(0.0054,-0.0246150863857879,0.001));
#2818=CARTESIAN_POINT('',(0.0058,-0.0246150863857879,0.001));
#2819=CARTESIAN_POINT('',(0.0058,-0.054383035578219,0.001));
#2820=CARTESIAN_POINT('',(0.0058,-0.0841509847706501,0.001));
#2821=CARTESIAN_POINT('',(0.0054,-0.0841509847706501,0.001));
#2822=CARTESIAN_POINT('',(0.005,-0.0841509847706501,0.001));
#2823=CARTESIAN_POINT('',(0.004,-0.085883035578219,0.001));
#2824=CARTESIAN_POINT('',(0.00226794919243113,-0.086883035578219,0.001));
#2825=CARTESIAN_POINT('',(0.00163397459621557,-0.086883035578219,0.001));
#2826=CARTESIAN_POINT('',(0.001,-0.086883035578219,0.001));
#2827=CARTESIAN_POINT('',(0.00163397459621557,-0.086883035578219,0.001));
#2828=CARTESIAN_POINT('',(0.,-0.086883035578219,0.001));
#2829=CARTESIAN_POINT('',(0.00163397459621557,-0.086883035578219,0.001));
#2830=CARTESIAN_POINT('',(-0.016,-0.086883035578219,0.001));
#2831=CARTESIAN_POINT('',(0.00163397459621557,-0.086883035578219,0.001));
#2832=CARTESIAN_POINT('',(-0.017,-0.086883035578219,0.001));
#2833=CARTESIAN_POINT('',(0.00163397459621557,-0.086883035578219,0.001));
#2834=CARTESIAN_POINT('',(-0.008,-0.054383035578219,0.));
#2835=CARTESIAN_POINT('',(-0.01325,-0.064566265644868,0.));
#2836=CARTESIAN_POINT('',(-0.01225,-0.064566265644868,0.));
#2837=CARTESIAN_POINT('',(-0.01075,-0.064566265644868,0.));
#2838=CARTESIAN_POINT('',(-0.00975,-0.064566265644868,0.));
#2839=CARTESIAN_POINT('',(-0.00825,-0.064566265644868,0.));
#2840=CARTESIAN_POINT('',(-0.00725,-0.064566265644868,0.));
#2841=CARTESIAN_POINT('',(-0.00575,-0.064566265644868,0.));
#2842=CARTESIAN_POINT('',(-0.00475,-0.064566265644868,0.));
#2843=CARTESIAN_POINT('',(-0.00829017065430631,-0.0675659966859003,0.));
#2844=CARTESIAN_POINT('',(-0.00729017065430631,-0.0675659966859003,0.));
#2845=CARTESIAN_POINT('',(-0.00579017065430631,-0.0675659966859003,0.));
#2846=CARTESIAN_POINT('',(-0.00479017065430631,-0.0675659966859003,0.));
#2847=CARTESIAN_POINT('',(-0.0107901706543063,-0.0675659966859003,0.));
#2848=CARTESIAN_POINT('',(-0.0097901706543063,-0.0675659966859003,0.));
#2849=CARTESIAN_POINT('',(-0.0132901706543063,-0.0675659966859003,0.));
#2850=CARTESIAN_POINT('',(-0.0122901706543063,-0.0675659966859003,0.));
#2851=CARTESIAN_POINT('',(-0.00833034130861262,-0.0705657277269326,0.));
#2852=CARTESIAN_POINT('',(-0.00733034130861262,-0.0705657277269326,0.));
#2853=CARTESIAN_POINT('',(-0.00583034130861262,-0.0705657277269326,0.));
#2854=CARTESIAN_POINT('',(-0.00483034130861262,-0.0705657277269326,0.));
#2855=CARTESIAN_POINT('',(-0.0108303413086126,-0.0705657277269326,0.));
#2856=CARTESIAN_POINT('',(-0.00983034130861262,-0.0705657277269326,0.));
#2857=CARTESIAN_POINT('',(-0.0133303413086126,-0.0705657277269326,0.));
#2858=CARTESIAN_POINT('',(-0.0123303413086126,-0.0705657277269326,0.));
#2859=CARTESIAN_POINT('',(-0.00837051196291893,-0.0735654587679648,0.));
#2860=CARTESIAN_POINT('',(-0.00737051196291893,-0.0735654587679648,0.));
#2861=CARTESIAN_POINT('',(-0.00587051196291893,-0.0735654587679648,0.));
#2862=CARTESIAN_POINT('',(-0.00487051196291893,-0.0735654587679648,0.));
#2863=CARTESIAN_POINT('',(-0.0108705119629189,-0.0735654587679648,0.));
#2864=CARTESIAN_POINT('',(-0.00987051196291892,-0.0735654587679648,0.));
#2865=CARTESIAN_POINT('',(-0.0133705119629189,-0.0735654587679648,0.));
#2866=CARTESIAN_POINT('',(-0.0123705119629189,-0.0735654587679648,0.));
#2867=CARTESIAN_POINT('',(-0.00841068261722524,-0.0765651898089971,0.));
#2868=CARTESIAN_POINT('',(-0.00741068261722524,-0.0765651898089971,0.));
#2869=CARTESIAN_POINT('',(-0.00591068261722524,-0.0765651898089971,0.));
#2870=CARTESIAN_POINT('',(-0.00491068261722524,-0.0765651898089971,0.));
#2871=CARTESIAN_POINT('',(-0.0109106826172252,-0.0765651898089971,0.));
#2872=CARTESIAN_POINT('',(-0.00991068261722524,-0.0765651898089971,0.));
#2873=CARTESIAN_POINT('',(-0.0134106826172252,-0.0765651898089971,0.));
#2874=CARTESIAN_POINT('',(-0.0124106826172252,-0.0765651898089971,0.));
#2875=CARTESIAN_POINT('',(-0.00845085327153155,-0.0795649208500294,0.));
#2876=CARTESIAN_POINT('',(-0.00745085327153155,-0.0795649208500294,0.));
#2877=CARTESIAN_POINT('',(-0.00595085327153156,-0.0795649208500294,0.));
#2878=CARTESIAN_POINT('',(-0.00495085327153156,-0.0795649208500294,0.));
#2879=CARTESIAN_POINT('',(-0.0109508532715315,-0.0795649208500294,0.));
#2880=CARTESIAN_POINT('',(-0.00995085327153154,-0.0795649208500294,0.));
#2881=CARTESIAN_POINT('',(-0.0134508532715316,-0.0795649208500294,0.));
#2882=CARTESIAN_POINT('',(-0.0124508532715316,-0.0795649208500294,0.));
#2883=CARTESIAN_POINT('',(-0.00325,-0.064566265644868,0.));
#2884=CARTESIAN_POINT('',(-0.00225,-0.064566265644868,0.));
#2885=CARTESIAN_POINT('',(-0.00323664749321059,-0.0675662359298146,0.));
#2886=CARTESIAN_POINT('',(-0.00223664749321059,-0.0675662359298146,0.));
#2887=CARTESIAN_POINT('',(-0.00322329498642118,-0.0705662062147611,0.));
#2888=CARTESIAN_POINT('',(-0.00222329498642118,-0.0705662062147611,0.));
#2889=CARTESIAN_POINT('',(-0.00320994247963177,-0.0735661764997077,0.));
#2890=CARTESIAN_POINT('',(-0.00220994247963177,-0.0735661764997077,0.));
#2891=CARTESIAN_POINT('',(-0.00319658997284236,-0.0765661467846543,0.));
#2892=CARTESIAN_POINT('',(-0.00219658997284236,-0.0765661467846543,0.));
#2893=CARTESIAN_POINT('',(-0.00318323746605295,-0.0795661170696008,0.));
#2894=CARTESIAN_POINT('',(-0.00218323746605295,-0.0795661170696008,0.));
#2895=CARTESIAN_POINT('',(-0.016,-0.072008035578219,0.));
#2896=CARTESIAN_POINT('',(-0.016,-0.082133035578219,0.));
#2897=CARTESIAN_POINT('',(-0.016,-0.061883035578219,0.));
#2898=CARTESIAN_POINT('',(-0.008,-0.082133035578219,0.));
#2899=CARTESIAN_POINT('',(0.,-0.082133035578219,0.));
#2900=CARTESIAN_POINT('',(0.,-0.072008035578219,0.));
#2901=CARTESIAN_POINT('',(0.,-0.061883035578219,0.));
#2902=CARTESIAN_POINT('',(-0.008,-0.061883035578219,0.));
#2903=CARTESIAN_POINT('',(-0.008,-0.054383035578219,0.));
#2904=CARTESIAN_POINT('',(-0.016,-0.072008035578219,0.));
#2905=CARTESIAN_POINT('',(-0.016,-0.060883035578219,0.));
#2906=CARTESIAN_POINT('',(-0.016,-0.045883035578219,0.));
#2907=CARTESIAN_POINT('',(-0.008,-0.060883035578219,0.));
#2908=CARTESIAN_POINT('',(0.,-0.060883035578219,0.));
#2909=CARTESIAN_POINT('',(0.,-0.072008035578219,0.));
#2910=CARTESIAN_POINT('',(0.,-0.045883035578219,0.));
#2911=CARTESIAN_POINT('',(-0.0015,-0.045883035578219,0.));
#2912=CARTESIAN_POINT('',(-0.003,-0.045883035578219,0.));
#2913=CARTESIAN_POINT('',(-0.003,-0.045383035578219,0.));
#2914=CARTESIAN_POINT('',(-0.003,-0.044883035578219,0.));
#2915=CARTESIAN_POINT('',(-0.0015,-0.044883035578219,0.));
#2916=CARTESIAN_POINT('',(6.1232339957368E-20,-0.044883035578219,0.));
#2917=CARTESIAN_POINT('',(3.0616169978684E-20,-0.045883035578219,0.));
#2918=CARTESIAN_POINT('',(0.001,-0.045883035578219,0.));
#2919=CARTESIAN_POINT('',(0.001,-0.0582215977504529,0.));
#2920=CARTESIAN_POINT('',(0.001,-0.0705601599226867,0.));
#2921=CARTESIAN_POINT('',(0.0025,-0.071883035578219,0.));
#2922=CARTESIAN_POINT('',(0.001,-0.0732059112337513,0.));
#2923=CARTESIAN_POINT('',(0.001,-0.0800444734059852,0.));
#2924=CARTESIAN_POINT('',(0.001,-0.086883035578219,0.));
#2925=CARTESIAN_POINT('',(0.00163397459621557,-0.086883035578219,0.));
#2926=CARTESIAN_POINT('',(0.00226794919243113,-0.086883035578219,0.));
#2927=CARTESIAN_POINT('',(0.004,-0.085883035578219,0.));
#2928=CARTESIAN_POINT('',(0.005,-0.0841509847706501,0.));
#2929=CARTESIAN_POINT('',(0.005,-0.054383035578219,0.));
#2930=CARTESIAN_POINT('',(0.005,-0.0246150863857879,0.));
#2931=CARTESIAN_POINT('',(0.004,-0.022883035578219,0.));
#2932=CARTESIAN_POINT('',(0.00226794919243113,-0.021883035578219,0.));
#2933=CARTESIAN_POINT('',(-0.008,-0.021883035578219,0.));
#2934=CARTESIAN_POINT('',(-0.0182679491924311,-0.021883035578219,0.));
#2935=CARTESIAN_POINT('',(-0.02,-0.022883035578219,0.));
#2936=CARTESIAN_POINT('',(-0.021,-0.0246150863857879,0.));
#2937=CARTESIAN_POINT('',(-0.021,-0.054383035578219,0.));
#2938=CARTESIAN_POINT('',(-0.021,-0.0841509847706502,0.));
#2939=CARTESIAN_POINT('',(-0.02,-0.085883035578219,0.));
#2940=CARTESIAN_POINT('',(-0.0182679491924311,-0.086883035578219,0.));
#2941=CARTESIAN_POINT('',(0.00163397459621557,-0.086883035578219,0.));
#2942=CARTESIAN_POINT('',(-0.017,-0.086883035578219,0.));
#2943=CARTESIAN_POINT('',(-0.017,-0.0800444734059852,0.));
#2944=CARTESIAN_POINT('',(-0.017,-0.0732059112337513,0.));
#2945=CARTESIAN_POINT('',(-0.0185,-0.071883035578219,0.));
#2946=CARTESIAN_POINT('',(-0.017,-0.0705601599226867,0.));
#2947=CARTESIAN_POINT('',(-0.017,-0.0582215977504529,0.));
#2948=CARTESIAN_POINT('',(-0.017,-0.045883035578219,0.));
#2949=CARTESIAN_POINT('',(-0.016,-0.045883035578219,0.));
#2950=CARTESIAN_POINT('',(-0.016,-0.044883035578219,0.));
#2951=CARTESIAN_POINT('',(-0.0145,-0.044883035578219,0.));
#2952=CARTESIAN_POINT('',(-0.013,-0.044883035578219,0.));
#2953=CARTESIAN_POINT('',(-0.013,-0.045383035578219,0.));
#2954=CARTESIAN_POINT('',(-0.013,-0.045883035578219,0.));
#2955=CARTESIAN_POINT('',(-0.0145,-0.045883035578219,0.));
#2956=CARTESIAN_POINT('',(-0.016,-0.072008035578219,0.0095));
#2957=CARTESIAN_POINT('',(-0.016,-0.083133035578219,0.0045));
#2958=CARTESIAN_POINT('',(-0.016,-0.083133035578219,0.0045));
#2959=CARTESIAN_POINT('',(-0.016,-0.083133035578219,0.));
#2960=CARTESIAN_POINT('',(-0.016,-0.082633035578219,0.0045));
#2961=CARTESIAN_POINT('',(-0.016,-0.082133035578219,0.0045));
#2962=CARTESIAN_POINT('',(-0.016,-0.082133035578219,0.0045));
#2963=CARTESIAN_POINT('',(-0.016,-0.061883035578219,0.0045));
#2964=CARTESIAN_POINT('',(-0.016,-0.061883035578219,0.0045));
#2965=CARTESIAN_POINT('',(-0.016,-0.061383035578219,0.0045));
#2966=CARTESIAN_POINT('',(-0.016,-0.060883035578219,0.0045));
#2967=CARTESIAN_POINT('',(-0.016,-0.060883035578219,0.0045));
#2968=CARTESIAN_POINT('',(-0.016,-0.045883035578219,0.0095));
#2969=CARTESIAN_POINT('',(-0.016,-0.045883035578219,0.0095));
#2970=CARTESIAN_POINT('',(-0.016,-0.072008035578219,0.0095));
#2971=CARTESIAN_POINT('',(-0.016,-0.086883035578219,0.0095));
#2972=CARTESIAN_POINT('',(-0.016,-0.086883035578219,0.0095));
#2973=CARTESIAN_POINT('',(-0.016,-0.086883035578219,0.0095));
#2974=CARTESIAN_POINT('',(-0.016,-0.086883035578219,0.));
#2975=CARTESIAN_POINT('',(-0.016,-0.072008035578219,0.));
#2976=CARTESIAN_POINT('',(-0.008,-0.054383035578219,0.));
#2977=CARTESIAN_POINT('',(-0.008,-0.083133035578219,0.));
#2978=CARTESIAN_POINT('',(0.,-0.083133035578219,0.));
#2979=CARTESIAN_POINT('',(0.00163397459621557,-0.086883035578219,0.));
#2980=CARTESIAN_POINT('',(0.,-0.086883035578219,0.));
#2981=CARTESIAN_POINT('',(0.,-0.072008035578219,0.));
#2982=CARTESIAN_POINT('',(0.00163397459621557,-0.086883035578219,0.001));
#2983=CARTESIAN_POINT('',(-0.017,-0.086883035578219,0.0095));
#2984=CARTESIAN_POINT('',(-0.0182679491924311,-0.086883035578219,0.001));
#2985=CARTESIAN_POINT('',(0.00163397459621557,-0.086883035578219,0.001));
#2986=CARTESIAN_POINT('',(0.,-0.086883035578219,0.0095));
#2987=CARTESIAN_POINT('',(0.007,-0.054383035578219,-0.0035));
#2988=CARTESIAN_POINT('',(0.007,-0.020883035578219,-0.0035));
#2989=CARTESIAN_POINT('',(0.007,-0.020883035578219,-0.0035));
#2990=CARTESIAN_POINT('',(0.007,-0.087883035578219,-0.0035));
#2991=CARTESIAN_POINT('',(0.007,-0.087883035578219,-0.0035));
#2992=CARTESIAN_POINT('',(0.007,-0.054383035578219,-0.0035));
#2993=CARTESIAN_POINT('',(0.006,-0.020883035578219,-0.0035));
#2994=CARTESIAN_POINT('',(0.006,-0.019883035578219,-0.0035));
#2995=CARTESIAN_POINT('',(0.006,-0.019883035578219,-0.0035));
#2996=CARTESIAN_POINT('',(0.006,-0.020883035578219,-0.0035));
#2997=CARTESIAN_POINT('',(-0.008,-0.019883035578219,-0.0035));
#2998=CARTESIAN_POINT('',(-0.022,-0.019883035578219,-0.0035));
#2999=CARTESIAN_POINT('',(-0.022,-0.019883035578219,-0.0035));
#3000=CARTESIAN_POINT('',(-0.008,-0.019883035578219,-0.0035));
#3001=CARTESIAN_POINT('',(-0.022,-0.020883035578219,-0.0035));
#3002=CARTESIAN_POINT('',(-0.023,-0.020883035578219,-0.0035));
#3003=CARTESIAN_POINT('',(-0.023,-0.020883035578219,-0.0035));
#3004=CARTESIAN_POINT('',(-0.022,-0.020883035578219,-0.0035));
#3005=CARTESIAN_POINT('',(-0.023,-0.054383035578219,-0.0035));
#3006=CARTESIAN_POINT('',(-0.023,-0.087883035578219,-0.0035));
#3007=CARTESIAN_POINT('',(-0.023,-0.087883035578219,-0.0035));
#3008=CARTESIAN_POINT('',(-0.023,-0.054383035578219,-0.0035));
#3009=CARTESIAN_POINT('',(-0.022,-0.087883035578219,-0.0035));
#3010=CARTESIAN_POINT('',(-0.022,-0.088883035578219,-0.0035));
#3011=CARTESIAN_POINT('',(-0.022,-0.088883035578219,-0.0035));
#3012=CARTESIAN_POINT('',(-0.022,-0.087883035578219,-0.0035));
#3013=CARTESIAN_POINT('',(-0.008,-0.088883035578219,-0.0035));
#3014=CARTESIAN_POINT('',(0.006,-0.088883035578219,-0.0035));
#3015=CARTESIAN_POINT('',(0.006,-0.088883035578219,-0.0035));
#3016=CARTESIAN_POINT('',(-0.008,-0.088883035578219,-0.0035));
#3017=CARTESIAN_POINT('',(-0.01075,-0.064566265644868,-0.0035));
#3018=CARTESIAN_POINT('',(-0.01075,-0.064566265644868,-0.0035));
#3019=CARTESIAN_POINT('',(-0.00975,-0.064566265644868,-0.0035));
#3020=CARTESIAN_POINT('',(-0.00825,-0.064566265644868,-0.0035));
#3021=CARTESIAN_POINT('',(-0.00825,-0.064566265644868,-0.0035));
#3022=CARTESIAN_POINT('',(-0.00725,-0.064566265644868,-0.0035));
#3023=CARTESIAN_POINT('',(-0.00575,-0.064566265644868,-0.0035));
#3024=CARTESIAN_POINT('',(-0.00575,-0.064566265644868,-0.0035));
#3025=CARTESIAN_POINT('',(-0.00475,-0.064566265644868,-0.0035));
#3026=CARTESIAN_POINT('',(-0.00829017065430631,-0.0675659966859003,-0.0035));
#3027=CARTESIAN_POINT('',(-0.00829017065430631,-0.0675659966859003,-0.0035));
#3028=CARTESIAN_POINT('',(-0.00729017065430631,-0.0675659966859003,-0.0035));
#3029=CARTESIAN_POINT('',(-0.00579017065430631,-0.0675659966859003,-0.0035));
#3030=CARTESIAN_POINT('',(-0.00579017065430631,-0.0675659966859003,-0.0035));
#3031=CARTESIAN_POINT('',(-0.00479017065430631,-0.0675659966859003,-0.0035));
#3032=CARTESIAN_POINT('',(-0.0107901706543063,-0.0675659966859003,-0.0035));
#3033=CARTESIAN_POINT('',(-0.0107901706543063,-0.0675659966859003,-0.0035));
#3034=CARTESIAN_POINT('',(-0.0097901706543063,-0.0675659966859003,-0.0035));
#3035=CARTESIAN_POINT('',(-0.0132901706543063,-0.0675659966859003,-0.0035));
#3036=CARTESIAN_POINT('',(-0.0132901706543063,-0.0675659966859003,-0.0035));
#3037=CARTESIAN_POINT('',(-0.0122901706543063,-0.0675659966859003,-0.0035));
#3038=CARTESIAN_POINT('',(-0.00833034130861262,-0.0705657277269326,-0.0035));
#3039=CARTESIAN_POINT('',(-0.00833034130861262,-0.0705657277269326,-0.0035));
#3040=CARTESIAN_POINT('',(-0.00733034130861262,-0.0705657277269326,-0.0035));
#3041=CARTESIAN_POINT('',(-0.00583034130861262,-0.0705657277269326,-0.0035));
#3042=CARTESIAN_POINT('',(-0.00583034130861262,-0.0705657277269326,-0.0035));
#3043=CARTESIAN_POINT('',(-0.00483034130861262,-0.0705657277269326,-0.0035));
#3044=CARTESIAN_POINT('',(-0.0108303413086126,-0.0705657277269326,-0.0035));
#3045=CARTESIAN_POINT('',(-0.0108303413086126,-0.0705657277269326,-0.0035));
#3046=CARTESIAN_POINT('',(-0.00983034130861262,-0.0705657277269326,-0.0035));
#3047=CARTESIAN_POINT('',(-0.0133303413086126,-0.0705657277269326,-0.0035));
#3048=CARTESIAN_POINT('',(-0.0133303413086126,-0.0705657277269326,-0.0035));
#3049=CARTESIAN_POINT('',(-0.0123303413086126,-0.0705657277269326,-0.0035));
#3050=CARTESIAN_POINT('',(-0.00837051196291893,-0.0735654587679648,-0.0035));
#3051=CARTESIAN_POINT('',(-0.00837051196291893,-0.0735654587679648,-0.0035));
#3052=CARTESIAN_POINT('',(-0.00737051196291893,-0.0735654587679648,-0.0035));
#3053=CARTESIAN_POINT('',(-0.00587051196291893,-0.0735654587679648,-0.0035));
#3054=CARTESIAN_POINT('',(-0.00587051196291893,-0.0735654587679648,-0.0035));
#3055=CARTESIAN_POINT('',(-0.00487051196291893,-0.0735654587679648,-0.0035));
#3056=CARTESIAN_POINT('',(-0.0108705119629189,-0.0735654587679648,-0.0035));
#3057=CARTESIAN_POINT('',(-0.0108705119629189,-0.0735654587679648,-0.0035));
#3058=CARTESIAN_POINT('',(-0.00987051196291892,-0.0735654587679648,-0.0035));
#3059=CARTESIAN_POINT('',(-0.0133705119629189,-0.0735654587679648,-0.0035));
#3060=CARTESIAN_POINT('',(-0.0133705119629189,-0.0735654587679648,-0.0035));
#3061=CARTESIAN_POINT('',(-0.0123705119629189,-0.0735654587679648,-0.0035));
#3062=CARTESIAN_POINT('',(-0.00841068261722524,-0.0765651898089971,-0.0035));
#3063=CARTESIAN_POINT('',(-0.00841068261722524,-0.0765651898089971,-0.0035));
#3064=CARTESIAN_POINT('',(-0.00741068261722524,-0.0765651898089971,-0.0035));
#3065=CARTESIAN_POINT('',(-0.00591068261722524,-0.0765651898089971,-0.0035));
#3066=CARTESIAN_POINT('',(-0.00591068261722524,-0.0765651898089971,-0.0035));
#3067=CARTESIAN_POINT('',(-0.00491068261722524,-0.0765651898089971,-0.0035));
#3068=CARTESIAN_POINT('',(-0.0109106826172252,-0.0765651898089971,-0.0035));
#3069=CARTESIAN_POINT('',(-0.0109106826172252,-0.0765651898089971,-0.0035));
#3070=CARTESIAN_POINT('',(-0.00991068261722524,-0.0765651898089971,-0.0035));
#3071=CARTESIAN_POINT('',(-0.0134106826172252,-0.0765651898089971,-0.0035));
#3072=CARTESIAN_POINT('',(-0.0134106826172252,-0.0765651898089971,-0.0035));
#3073=CARTESIAN_POINT('',(-0.0124106826172252,-0.0765651898089971,-0.0035));
#3074=CARTESIAN_POINT('',(-0.00845085327153155,-0.0795649208500294,-0.0035));
#3075=CARTESIAN_POINT('',(-0.00845085327153155,-0.0795649208500294,-0.0035));
#3076=CARTESIAN_POINT('',(-0.00745085327153155,-0.0795649208500294,-0.0035));
#3077=CARTESIAN_POINT('',(-0.00595085327153156,-0.0795649208500294,-0.0035));
#3078=CARTESIAN_POINT('',(-0.00595085327153156,-0.0795649208500294,-0.0035));
#3079=CARTESIAN_POINT('',(-0.00495085327153156,-0.0795649208500294,-0.0035));
#3080=CARTESIAN_POINT('',(-0.0109508532715315,-0.0795649208500294,-0.0035));
#3081=CARTESIAN_POINT('',(-0.0109508532715315,-0.0795649208500294,-0.0035));
#3082=CARTESIAN_POINT('',(-0.00995085327153154,-0.0795649208500294,-0.0035));
#3083=CARTESIAN_POINT('',(-0.0134508532715316,-0.0795649208500294,-0.0035));
#3084=CARTESIAN_POINT('',(-0.0134508532715316,-0.0795649208500294,-0.0035));
#3085=CARTESIAN_POINT('',(-0.0124508532715316,-0.0795649208500294,-0.0035));
#3086=CARTESIAN_POINT('',(-0.00325,-0.064566265644868,-0.0035));
#3087=CARTESIAN_POINT('',(-0.00325,-0.064566265644868,-0.0035));
#3088=CARTESIAN_POINT('',(-0.00225,-0.064566265644868,-0.0035));
#3089=CARTESIAN_POINT('',(-0.00323664749321059,-0.0675662359298146,-0.0035));
#3090=CARTESIAN_POINT('',(-0.00323664749321059,-0.0675662359298146,-0.0035));
#3091=CARTESIAN_POINT('',(-0.00223664749321059,-0.0675662359298146,-0.0035));
#3092=CARTESIAN_POINT('',(-0.00322329498642118,-0.0705662062147611,-0.0035));
#3093=CARTESIAN_POINT('',(-0.00322329498642118,-0.0705662062147611,-0.0035));
#3094=CARTESIAN_POINT('',(-0.00222329498642118,-0.0705662062147611,-0.0035));
#3095=CARTESIAN_POINT('',(-0.00320994247963177,-0.0735661764997077,-0.0035));
#3096=CARTESIAN_POINT('',(-0.00320994247963177,-0.0735661764997077,-0.0035));
#3097=CARTESIAN_POINT('',(-0.00220994247963177,-0.0735661764997077,-0.0035));
#3098=CARTESIAN_POINT('',(-0.00319658997284236,-0.0765661467846543,-0.0035));
#3099=CARTESIAN_POINT('',(-0.00319658997284236,-0.0765661467846543,-0.0035));
#3100=CARTESIAN_POINT('',(-0.00219658997284236,-0.0765661467846543,-0.0035));
#3101=CARTESIAN_POINT('',(-0.00318323746605295,-0.0795661170696008,-0.0035));
#3102=CARTESIAN_POINT('',(-0.00318323746605295,-0.0795661170696008,-0.0035));
#3103=CARTESIAN_POINT('',(-0.00218323746605295,-0.0795661170696008,-0.0035));
#3104=CARTESIAN_POINT('',(0.006,-0.087883035578219,-0.0035));
#3105=CARTESIAN_POINT('',(0.006,-0.087883035578219,-0.0035));
#3106=CARTESIAN_POINT('',(-0.01325,-0.064566265644868,-0.0035));
#3107=CARTESIAN_POINT('',(-0.01325,-0.064566265644868,-0.0035));
#3108=CARTESIAN_POINT('',(-0.01225,-0.064566265644868,-0.0035));
#3109=CARTESIAN_POINT('',(-0.008,-0.054383035578219,-0.0035));
#3110=CARTESIAN_POINT('',(-0.02,-0.022883035578219,-0.0035));
#3111=CARTESIAN_POINT('',(-0.022,-0.022883035578219,-0.0035));
#3112=CARTESIAN_POINT('',(0.004,-0.022883035578219,-0.0035));
#3113=CARTESIAN_POINT('',(0.002,-0.022883035578219,-0.0035));
#3114=CARTESIAN_POINT('',(0.004,-0.085883035578219,-0.0035));
#3115=CARTESIAN_POINT('',(0.002,-0.085883035578219,-0.0035));
#3116=CARTESIAN_POINT('',(-0.02,-0.085883035578219,-0.0035));
#3117=CARTESIAN_POINT('',(-0.022,-0.085883035578219,-0.0035));
#3118=CARTESIAN_POINT('',(0.00163397459621557,-0.086883035578219,0.001));
#3119=CARTESIAN_POINT('',(0.001,-0.086883035578219,0.0095));
#3120=CARTESIAN_POINT('',(0.00226794919243113,-0.086883035578219,0.001));
#3121=CARTESIAN_POINT('',(-0.02,-0.085883035578219,0.001));
#3122=CARTESIAN_POINT('',(-0.021,-0.0841509847706502,0.001));
#3123=CARTESIAN_POINT('',(-0.021,-0.054383035578219,0.001));
#3124=CARTESIAN_POINT('',(-0.021,-0.0246150863857879,0.001));
#3125=CARTESIAN_POINT('',(-0.021,-0.0246150863857879,0.0018));
#3126=CARTESIAN_POINT('',(-0.021,-0.0246150863857879,0.0018));
#3127=CARTESIAN_POINT('',(-0.021,-0.054383035578219,0.0018));
#3128=CARTESIAN_POINT('',(-0.021,-0.0841509847706502,0.0018));
#3129=CARTESIAN_POINT('',(-0.021,-0.0841509847706502,0.0018));
#3130=CARTESIAN_POINT('',(-0.02,-0.022883035578219,0.001));
#3131=CARTESIAN_POINT('',(-0.0182679491924311,-0.021883035578219,0.001));
#3132=CARTESIAN_POINT('',(-0.008,-0.021883035578219,0.001));
#3133=CARTESIAN_POINT('',(0.00226794919243113,-0.021883035578219,0.001));
#3134=CARTESIAN_POINT('',(0.00226794919243113,-0.021883035578219,0.0018));
#3135=CARTESIAN_POINT('',(0.00226794919243113,-0.021883035578219,0.0018));
#3136=CARTESIAN_POINT('',(-0.008,-0.021883035578219,0.0018));
#3137=CARTESIAN_POINT('',(-0.0182679491924311,-0.021883035578219,0.0018));
#3138=CARTESIAN_POINT('',(-0.0182679491924311,-0.021883035578219,0.0018));
#3139=CARTESIAN_POINT('',(0.004,-0.022883035578219,0.001));
#3140=CARTESIAN_POINT('',(0.005,-0.0246150863857879,0.001));
#3141=CARTESIAN_POINT('',(0.005,-0.054383035578219,0.001));
#3142=CARTESIAN_POINT('',(0.005,-0.0841509847706501,0.001));
#3143=CARTESIAN_POINT('',(0.005,-0.0841509847706501,0.0018));
#3144=CARTESIAN_POINT('',(0.005,-0.0841509847706501,0.0018));
#3145=CARTESIAN_POINT('',(0.005,-0.054383035578219,0.0018));
#3146=CARTESIAN_POINT('',(0.005,-0.0246150863857879,0.0018));
#3147=CARTESIAN_POINT('',(0.005,-0.0246150863857879,0.0018));
#3148=CARTESIAN_POINT('',(0.004,-0.085883035578219,0.001));
#3149=CARTESIAN_POINT('',(0.0005,-0.086883035578219,0.0095));
#3150=CARTESIAN_POINT('',(0.,-0.086883035578219,0.0095));
#3151=CARTESIAN_POINT('',(0.,-0.086883035578219,0.0095));
#3152=CARTESIAN_POINT('',(0.001,-0.086883035578219,0.0095));
#3153=CARTESIAN_POINT('',(0.001,-0.086883035578219,0.0095));
#3154=CARTESIAN_POINT('',(0.0005,-0.086883035578219,0.0095));
#3155=CARTESIAN_POINT('',(0.,-0.072008035578219,0.0095));
#3156=CARTESIAN_POINT('',(0.,-0.082133035578219,0.0045));
#3157=CARTESIAN_POINT('',(0.,-0.082133035578219,0.0045));
#3158=CARTESIAN_POINT('',(0.,-0.082633035578219,0.0045));
#3159=CARTESIAN_POINT('',(0.,-0.083133035578219,0.0045));
#3160=CARTESIAN_POINT('',(0.,-0.083133035578219,0.0045));
#3161=CARTESIAN_POINT('',(0.,-0.072008035578219,0.0095));
#3162=CARTESIAN_POINT('',(0.,-0.045883035578219,0.0095));
#3163=CARTESIAN_POINT('',(0.,-0.045883035578219,0.0095));
#3164=CARTESIAN_POINT('',(0.,-0.060883035578219,0.0045));
#3165=CARTESIAN_POINT('',(0.,-0.060883035578219,0.0045));
#3166=CARTESIAN_POINT('',(0.,-0.061383035578219,0.0045));
#3167=CARTESIAN_POINT('',(0.,-0.061883035578219,0.0045));
#3168=CARTESIAN_POINT('',(0.,-0.061883035578219,0.0045));
#3169=CARTESIAN_POINT('',(0.001,-0.0800444734059852,0.0095));
#3170=CARTESIAN_POINT('',(0.001,-0.0732059112337513,0.0095));
#3171=CARTESIAN_POINT('',(0.001,-0.0732059112337513,0.0095));
#3172=CARTESIAN_POINT('',(0.001,-0.0800444734059852,0.0095));
#3173=CARTESIAN_POINT('',(0.0025,-0.071883035578219,0.0095));
#3174=CARTESIAN_POINT('',(0.001,-0.0705601599226867,0.0095));
#3175=CARTESIAN_POINT('',(0.001,-0.0705601599226867,0.0095));
#3176=CARTESIAN_POINT('',(0.0025,-0.071883035578219,0.0095));
#3177=CARTESIAN_POINT('',(0.001,-0.0582215977504529,0.0095));
#3178=CARTESIAN_POINT('',(0.001,-0.045883035578219,0.0095));
#3179=CARTESIAN_POINT('',(0.001,-0.045883035578219,0.0095));
#3180=CARTESIAN_POINT('',(0.001,-0.0582215977504529,0.0095));
#3181=CARTESIAN_POINT('',(3.0616169978684E-20,-0.045883035578219,0.0095));
#3182=CARTESIAN_POINT('',(6.1232339957368E-20,-0.044883035578219,0.0095));
#3183=CARTESIAN_POINT('',(6.1232339957368E-20,-0.044883035578219,0.0095));
#3184=CARTESIAN_POINT('',(3.0616169978684E-20,-0.045883035578219,0.0095));
#3185=CARTESIAN_POINT('',(-0.0015,-0.044883035578219,0.0095));
#3186=CARTESIAN_POINT('',(-0.003,-0.044883035578219,0.0095));
#3187=CARTESIAN_POINT('',(-0.003,-0.044883035578219,0.0095));
#3188=CARTESIAN_POINT('',(-0.0015,-0.044883035578219,0.0095));
#3189=CARTESIAN_POINT('',(-0.003,-0.045383035578219,0.0095));
#3190=CARTESIAN_POINT('',(-0.003,-0.045883035578219,0.0095));
#3191=CARTESIAN_POINT('',(-0.003,-0.045883035578219,0.0095));
#3192=CARTESIAN_POINT('',(-0.003,-0.045383035578219,0.0095));
#3193=CARTESIAN_POINT('',(-0.0015,-0.045883035578219,0.0095));
#3194=CARTESIAN_POINT('',(-0.0015,-0.045883035578219,0.0095));
#3195=CARTESIAN_POINT('',(0.0025,-0.071883035578219,0.0095));
#3196=CARTESIAN_POINT('',(0.0025,-0.071883035578219,0.0095));
#3197=CARTESIAN_POINT('',(0.0035,-0.071883035578219,0.0095));
#3198=CARTESIAN_POINT('',(0.0025,-0.071883035578219,0.));
#3199=CARTESIAN_POINT('',(0.0035,-0.071883035578219,0.));
#3200=CARTESIAN_POINT('',(-0.008,-0.054383035578219,0.0095));
#3201=CARTESIAN_POINT('',(-0.008,-0.054383035578219,0.));
#3202=CARTESIAN_POINT('',(-0.0165,-0.086883035578219,0.0095));
#3203=CARTESIAN_POINT('',(-0.017,-0.086883035578219,0.0095));
#3204=CARTESIAN_POINT('',(-0.017,-0.086883035578219,0.0095));
#3205=CARTESIAN_POINT('',(-0.0165,-0.086883035578219,0.0095));
#3206=CARTESIAN_POINT('',(-0.0145,-0.045883035578219,0.0095));
#3207=CARTESIAN_POINT('',(-0.013,-0.045883035578219,0.0095));
#3208=CARTESIAN_POINT('',(-0.013,-0.045883035578219,0.0095));
#3209=CARTESIAN_POINT('',(-0.0145,-0.045883035578219,0.0095));
#3210=CARTESIAN_POINT('',(-0.013,-0.045383035578219,0.0095));
#3211=CARTESIAN_POINT('',(-0.013,-0.044883035578219,0.0095));
#3212=CARTESIAN_POINT('',(-0.013,-0.044883035578219,0.0095));
#3213=CARTESIAN_POINT('',(-0.013,-0.045383035578219,0.0095));
#3214=CARTESIAN_POINT('',(-0.0145,-0.044883035578219,0.0095));
#3215=CARTESIAN_POINT('',(-0.016,-0.044883035578219,0.0095));
#3216=CARTESIAN_POINT('',(-0.016,-0.044883035578219,0.0095));
#3217=CARTESIAN_POINT('',(-0.0145,-0.044883035578219,0.0095));
#3218=CARTESIAN_POINT('',(-0.016,-0.045883035578219,0.0095));
#3219=CARTESIAN_POINT('',(-0.017,-0.045883035578219,0.0095));
#3220=CARTESIAN_POINT('',(-0.017,-0.045883035578219,0.0095));
#3221=CARTESIAN_POINT('',(-0.016,-0.045883035578219,0.0095));
#3222=CARTESIAN_POINT('',(-0.017,-0.0582215977504529,0.0095));
#3223=CARTESIAN_POINT('',(-0.017,-0.0705601599226867,0.0095));
#3224=CARTESIAN_POINT('',(-0.017,-0.0705601599226867,0.0095));
#3225=CARTESIAN_POINT('',(-0.017,-0.0582215977504529,0.0095));
#3226=CARTESIAN_POINT('',(-0.0185,-0.071883035578219,0.0095));
#3227=CARTESIAN_POINT('',(-0.017,-0.0732059112337513,0.0095));
#3228=CARTESIAN_POINT('',(-0.017,-0.0732059112337513,0.0095));
#3229=CARTESIAN_POINT('',(-0.0185,-0.071883035578219,0.0095));
#3230=CARTESIAN_POINT('',(-0.017,-0.0800444734059852,0.0095));
#3231=CARTESIAN_POINT('',(-0.017,-0.0800444734059852,0.0095));
#3232=CARTESIAN_POINT('',(-0.0185,-0.071883035578219,0.0095));
#3233=CARTESIAN_POINT('',(-0.0185,-0.071883035578219,0.0095));
#3234=CARTESIAN_POINT('',(-0.0175,-0.071883035578219,0.0095));
#3235=CARTESIAN_POINT('',(-0.0185,-0.071883035578219,0.));
#3236=CARTESIAN_POINT('',(-0.0175,-0.071883035578219,0.));
#3237=CARTESIAN_POINT('',(-0.008,-0.054383035578219,0.0095));
#3238=CARTESIAN_POINT('',(-0.008,-0.054383035578219,0.));
#3239=CARTESIAN_POINT('',(-0.008,-0.061883035578219,0.0045));
#3240=CARTESIAN_POINT('',(-0.008,-0.061883035578219,0.0045));
#3241=CARTESIAN_POINT('',(-0.008,-0.060883035578219,0.0045));
#3242=CARTESIAN_POINT('',(-0.008,-0.060883035578219,0.0045));
#3243=CARTESIAN_POINT('',(-0.008,-0.054383035578219,0.0045));
#3244=CARTESIAN_POINT('',(-0.008,-0.083133035578219,0.0045));
#3245=CARTESIAN_POINT('',(-0.008,-0.083133035578219,0.0045));
#3246=CARTESIAN_POINT('',(-0.008,-0.082133035578219,0.0045));
#3247=CARTESIAN_POINT('',(-0.008,-0.082133035578219,0.0045));
#3248=CARTESIAN_POINT('',(-0.008,-0.054383035578219,0.0045));
#3249=CARTESIAN_POINT('',(0.0058,-0.054383035578219,0.0018));
#3250=CARTESIAN_POINT('',(0.0058,-0.0246150863857879,0.0018));
#3251=CARTESIAN_POINT('',(0.0058,-0.0246150863857879,0.0018));
#3252=CARTESIAN_POINT('',(0.0058,-0.054383035578219,0.0018));
#3253=CARTESIAN_POINT('',(0.0058,-0.0841509847706501,0.0018));
#3254=CARTESIAN_POINT('',(0.0058,-0.0841509847706501,0.0018));
#3255=CARTESIAN_POINT('',(0.0054,-0.0246150863857879,0.0018));
#3256=CARTESIAN_POINT('',(0.0054,-0.0246150863857879,0.0018));
#3257=CARTESIAN_POINT('',(0.0054,-0.0841509847706501,0.0018));
#3258=CARTESIAN_POINT('',(0.0054,-0.0841509847706501,0.0018));
#3259=CARTESIAN_POINT('',(-0.008,-0.054383035578219,0.0018));
#3260=CARTESIAN_POINT('',(0.00226794919243113,-0.0214830355782191,0.0018));
#3261=CARTESIAN_POINT('',(0.00226794919243113,-0.021083035578219,0.0018));
#3262=CARTESIAN_POINT('',(0.00226794919243113,-0.021083035578219,0.0018));
#3263=CARTESIAN_POINT('',(0.00226794919243113,-0.0214830355782191,0.0018));
#3264=CARTESIAN_POINT('',(-0.008,-0.021083035578219,0.0018));
#3265=CARTESIAN_POINT('',(-0.0182679491924311,-0.021083035578219,0.0018));
#3266=CARTESIAN_POINT('',(-0.0182679491924311,-0.021083035578219,0.0018));
#3267=CARTESIAN_POINT('',(-0.008,-0.021083035578219,0.0018));
#3268=CARTESIAN_POINT('',(-0.0182679491924311,-0.021483035578219,0.0018));
#3269=CARTESIAN_POINT('',(-0.0182679491924311,-0.021483035578219,0.0018));
#3270=CARTESIAN_POINT('',(-0.008,-0.054383035578219,0.0018));
#3271=CARTESIAN_POINT('',(-0.0214,-0.0841509847706502,0.0018));
#3272=CARTESIAN_POINT('',(-0.0214,-0.0841509847706502,0.0018));
#3273=CARTESIAN_POINT('',(-0.0218,-0.0841509847706502,0.0018));
#3274=CARTESIAN_POINT('',(-0.0218,-0.0841509847706502,0.0018));
#3275=CARTESIAN_POINT('',(-0.0214,-0.0246150863857879,0.0018));
#3276=CARTESIAN_POINT('',(-0.0218,-0.0246150863857879,0.0018));
#3277=CARTESIAN_POINT('',(-0.0218,-0.0246150863857879,0.0018));
#3278=CARTESIAN_POINT('',(-0.0214,-0.0246150863857879,0.0018));
#3279=CARTESIAN_POINT('',(-0.0218,-0.054383035578219,0.0018));
#3280=CARTESIAN_POINT('',(-0.0218,-0.054383035578219,0.0018));
#3281=CARTESIAN_POINT('',(-0.008,-0.054383035578219,0.0018));
#3282=CARTESIAN_POINT('',(-0.02,-0.085883035578219,-0.00125));
#3283=CARTESIAN_POINT('',(-0.02,-0.085883035578219,-0.00125));
#3284=CARTESIAN_POINT('',(-0.022,-0.085883035578219,-0.00125));
#3285=CARTESIAN_POINT('',(-0.008,-0.054383035578219,-0.00125));
#3286=CARTESIAN_POINT('',(0.004,-0.085883035578219,-0.00125));
#3287=CARTESIAN_POINT('',(0.004,-0.085883035578219,-0.00125));
#3288=CARTESIAN_POINT('',(0.002,-0.085883035578219,-0.00125));
#3289=CARTESIAN_POINT('',(-0.008,-0.054383035578219,-0.00125));
#3290=CARTESIAN_POINT('',(0.004,-0.022883035578219,-0.00125));
#3291=CARTESIAN_POINT('',(0.004,-0.022883035578219,-0.00125));
#3292=CARTESIAN_POINT('',(0.002,-0.022883035578219,-0.00125));
#3293=CARTESIAN_POINT('',(-0.008,-0.054383035578219,-0.00125));
#3294=CARTESIAN_POINT('',(-0.02,-0.022883035578219,-0.00125));
#3295=CARTESIAN_POINT('',(-0.02,-0.022883035578219,-0.00125));
#3296=CARTESIAN_POINT('',(-0.022,-0.022883035578219,-0.00125));
#3297=CARTESIAN_POINT('',(-0.008,-0.054383035578219,-0.00125));
#3298=MECHANICAL_DESIGN_GEOMETRIC_PRESENTATION_REPRESENTATION('',(#1973),
#3299);
#3299=(
GEOMETRIC_REPRESENTATION_CONTEXT(3)
GLOBAL_UNCERTAINTY_ASSIGNED_CONTEXT((#3300))
GLOBAL_UNIT_ASSIGNED_CONTEXT((#3303,#3302,#3301))
REPRESENTATION_CONTEXT('Part 1','TOP_LEVEL_ASSEMBLY_PART')
);
#3300=UNCERTAINTY_MEASURE_WITH_UNIT(LENGTH_MEASURE(1.E-8),#3303,
'DISTANCE_ACCURACY_VALUE','Maximum Tolerance applied to model');
#3301=(
NAMED_UNIT(*)
SI_UNIT($,.STERADIAN.)
SOLID_ANGLE_UNIT()
);
#3302=(
NAMED_UNIT(*)
PLANE_ANGLE_UNIT()
SI_UNIT($,.RADIAN.)
);
#3303=(
LENGTH_UNIT()
NAMED_UNIT(*)
SI_UNIT($,.METRE.)
);
#3304=PRODUCT_DEFINITION_SHAPE('','',#3305);
#3305=PRODUCT_DEFINITION('','',#3307,#3306);
#3306=PRODUCT_DEFINITION_CONTEXT('',#3313,'design');
#3307=PRODUCT_DEFINITION_FORMATION_WITH_SPECIFIED_SOURCE('','',#3309,
 .NOT_KNOWN.);
#3308=PRODUCT_RELATED_PRODUCT_CATEGORY('','',(#3309));
#3309=PRODUCT('Part 1','Part 1','Part 1',(#3311));
#3310=PRODUCT_CATEGORY('','');
#3311=PRODUCT_CONTEXT('',#3313,'mechanical');
#3312=APPLICATION_PROTOCOL_DEFINITION('international standard',
'ap242_managed_model_based_3d_engineering',2020,#3313);
#3313=APPLICATION_CONTEXT('managed model based 3d engineering');
ENDSEC;
END-ISO-10303-21;
